5, http://youtu.be/iGB6fy8HksM Bloody G501 Просто офигенные уши. Все четко, классно, слышно, позиционирование на высшем уровне, очень качественные материалы, все хорошо собрано просидел у них целый день на мои уши не давят совсем! Режим RADAR 360 GAMING это нечто, а вот режим 7.1 только для фильмов годиться, микрофон шикарен!. Вообщем очень доволен покупкой!
3, Получил эти наушники в подарок, заказанные с Розетки. Переваги: Встроенная звуковая карта, неплохой звук, разные профили звука. Не давят при длительном использовании. Провод в нормальной оплётке, места крепления провода не стремятся порваться, провод не пытается вылезти из оплётки. Микрофон достаточно неплох для того, чтобы разговаривать по скайпу, но мог бы быть получше экранирован. Недоліки: Чтобы работали все фичи - надо ставить драйвер и софт от производителя, с автоматически найденными дровами работает только регулятор громкости. Хлипкое крепление раковины к дужке с левой стороны, через год отломалось. Амбушюры облезли через год, сменных нет в продаже(и в природе, похоже, тоже, хотя они съемные). Кнопка переключения микрофона отвалилась на второй день. Коробка регулятора громкости люфтит на полноценный 1мм.
4, Вопрос на засыпку если у меня колонки подключены простым Джеком а эти наушники подключить через usb у меня и наушники и колонки будут работать?
4, Хорошие наушники Рекомендую розетку! Переваги: Хорошие по звучанию Недоліки: Цена кусается
5, Подскажите, когда примерно данные наушники будут в наличии?
3, «Чем проще, тем лучше» — это не про эту модель. Уйма настроек звука собственной звуковой карты, которые не будут использоваться даже на 40% и выносной пульт, который находится слишком близко к самим ушам и оттого постоянно болтается и создаёт дискомфорт — это основные недостатки на мой взгляд после почти года использования этих наушников. Оценка соответсвующая — наушники нормальные.
5, Качественные и красивые наушники, сочетание матового и глянцевого пластика. Хотелось бы чтобы глянца было меньше, эта поверхность активно собирает следы пальцев. Механизм чашек позволяет изменять угол поворота. Звучание отличное, на чашках используется кожзаменитель с мягкой подкладкой. Микрофон тоже на плохой, слышно хорошо. Для полноценной работы потребуется установка фирменного софта (программного обеспечения). А вообще наушники очень хорошие, советую, не пожалеете. Переваги: внешний вид гарнитуры очень красивый, хорошее звучание. Недоліки: нет
5, Просто шикарные уши! 10/10 однозначно!
3, Наушники не плохие, но назвать их очень хорошими просто не могу из-за некоторых причин, которые опишу в плюсах и минусах. Переваги: На вид качественные, красивые, имеют удобный выдвижной микрофон, кабель в оплетке, мягкие амбрюшуры Недоліки: Звук очень высокочастотный, по отзывам думал что будет басс и не переживал, но на самом деле очень много высоких частот, даже настроив эквалайзер их очень много, жмут вроде и не сильно, но уже через час в них не удобно - болят уши, ну и что вызвало самый большой дискомфорт это регулятор громкости, громкость регулируется только на наушниках, на виндовсе регулятор громкости вообще не работает - очень не удобно, приходится в самом проигрывателе громкость регулировать ну или в наушниках, а в них она коряво регулируется, ноль громкости может быть на разных значениях, сейчас это значение 6 громкости, а если уменьшить громкость еще меньше этого значения, то они включаются на всю громкость и сильно хрипят, когда уменьшаешь громкость до минимума очень прислушиваешься и тут такая резкая громкость - очень не приятно слышать, в общем регулятор это во всех смыслах жирный минус, как так можно было сделать не знаю
5, Покупаем эти наушники второй раз. Очень удобные, мягкие, звучание отличное. Первые послужили довольно долго. Покупали наушники другой фирмы, очень давили на виски, поэтому решили вернуться к проверенному варианту
5, Мне наушники очень понравились, класное звучание( не обладаю идеальным слухом и не парюсь по поводу музыки) меня все устраивает даже более, мягкие аж вроде слишком)) в коментах писали что звуковая греется, конкретно у меня за весь день что я их юзал она еле теплая. В очередной раз покупаю девайс A4Tech и еще не разу не пожалел. Спасибо A4Tech за прекрасный товар и великолепную серию Bloody а так же Розетке за оперативную доставку и простоту в выборе товара и его покупке. Рекомендую Переваги: Они бомба, ожидал меньшего Недоліки: не нашел
5, Берите, не думайте, товар достойный. Переваги: Хороший звук и эффекты. Наушники идеальны, за свою цену. Недоліки: Нет.
4, Купил недавно. Нареканий пока нет. Соотношение цена-качество на высоте. Лучших наушников для игр не сыскать в своем ценовом диапазоне. Чтобы удобно надеть, нужно немного поправить чаши, потому что они имеют поворотный механизм (хоть и небольшой). Переваги: Безупречные для игр. Отличный софт. Противников слышно везде. Железная конструкция оголовья, прочная. Недоліки: Немного жмут на уши.
5, Здравствуйте,скажите есть ли какой то переходник для подключения к плееру или телефону???
5, Данная модель отличная в своей ценовой категории. Звук чистый и хороший, переключение режимов делает его комфортным под разные ситуации, будь то просмотр фильма или же беседа с друзьями. Удобный микрофон, с момента покупки даже не понадобилось вытягивать его из гнезда, иногда использую даже не одевая наушники (лежат на столе в полуметре от рта) и при этом все хорошо слышно собеседнику. В некоторых моментах очень чувствителен к внешнему шуму, такому как, например, работающий системник. При установке доп. софта из сайта производителя удобная и понятная настройка под разные режимы игр, что могут оценить любители игр. Что касается удобства, то все зависит от индивидуальных характеристик головы и ушей. В моем случае комфортно находиться в наушниках более 5 часов без дискомфорта какого-то для ушей. Накладки мягкие и приятные по ощущениям, хорошо облегают и не пропускают внешние шумы из вне. Использую на протяжении 8 месяцев. За это время ни внешне ни по качеству звучания не ухудшилось. (Использую аккуратно). Переваги: Звук, удобство использования, шнур, удобный регулятор. Недоліки: Не обнаружены
4, Все устраивает Переваги: Отличные наушники!! Недоліки: Дороговато но стоят того!!
3, Купил эти наушники в Розетке почти 3 года назад. Качество звука после предыдущих дешёвых наушников и колонок казалось просто невероятным. Друзья, с которыми часто общались по скайпу, хвалили звучание микрофона, который мне даже не надо было вытаскивать, чтобы меня было слышно. Встречал в некоторых других отзывах, что они тяжёлые и давят на голову, но лично у меня такого не было. Впрочем, помимо очевидных плюсов есть и минус - наушники проработали почти день в день свои 12 гарантийных месяцев, после чего звук начал пропадать и появлялся только при повороте кабеля под определённым углом. Ещё месяц удавалось это терпеть, пока звук не пропал вовсе. Так как гарантия на тот момент уже истекла, отнёс к мастеру, который их "оживил". Однако, ещё через полгода использования начало отслаиваться кусками покрытие амбюшур. Итог: наушники неплохие, но если вам нужны наушники, которые продержатся хотя бы пару лет в рабочем состоянии и товарном виде, то лучше присмотритесь к другим вариантам. Переваги: Качество звука, микрофон, удобство Недоліки: Непродолжительный срок работы
5, Пользуюсь больше полтора года наушники идеальны! Для игр и музыки.Качественная сборка ,хорошо сидят на голове. А так же не жмут когда играешь больше 8 часов. Переваги: Звук отличный,сборка идеальная Недоліки: Когда ты играеш, и розговариваешь по скайпу микрофон все передает,и собнседники все слышет
5, Всем рекомендую! Переваги: Качество звука! Недоліки: Не обнаружил.
3, Пользуюсь два года. В принципе неплохие, но если вы не игроман - я бы советовал что-то другое. Переваги: В кс то что надо, на 7.1 неплохо фильмы смотреть, 2.0 хоть не для меломанов, но звук не плох. Недоліки: Разлезлись амбушуры, через пол года немного просели по звуку.
4, Пользуюсь около месяца. На данный момент очень доволен покупкой. Покупались для CS:GO, в игре себя показали крайне достойно, слышу шаги там где не слышал раньше. Для прослушивания музыки - такой себе вариант, есть провал в средних частотах (но многие его не почувствуют). 7.1 - для фильмов - самое оно!)) Эмуляция вполне неплохая. В целом 7/10 Переваги: Очень удобны, нет усталости после долгой игры, возможность точно отстроить выделение шагов в общем шуме. Недоліки: Не полностью изолируют внешние звуки
5, Хорошая гарнитура за свои деньги Переваги: Хороший звук и микрофон и хороший софт где можно все назначить Недоліки: Иногда глючит кнопка переключения звука которая подсвечена
5, В общем не жалею что купил. Переваги: Хорошо звучат в играх. Реально помогает лучше ориентироваться. Уши болят только после 3-4 часов игры. Но, со временем, привыкаешь. Недоліки: Если вы покупаете эти наушники, чтобы использовать режим 7.1, то вам лучше поискать что-то другое)
5, Дорогие друзья, у меня есть вопрос, так как здесь разъём 2.0 то при подключении к ноутбуку ОДНИМ разъёмом будет работать и наушники и микрофон?
4, Если не ставить драйвер, то вы потеряете кучу фич этих наушников. Для гарнитуры очень крутой микрофон! Правда шумоподавления в них нет, поэтому если розетки у вас без заземления или плохой БП, то фонить они у вас будут, что аж соседи проснуться. Пользуюсь уже год, ниче не сломалось и не расползлось. Понравилась фишка в драйвере с возможностью менять голос на хот кей :D За свою цену лучше не найдете, гарантирую!))) Переваги: Для гарнитуры очень хороший микрофон, много пресетов эквалайзера, которыми я не пользуюсь :)) Звук не то чтобы супер, на троечку. Для геймера звук нормальный + есть фичи для КСеров! Драйвер дает возможность менять голос. Недоліки: Звук 7.1 реализован программно, поэтому это полный ужас! При чем когда его включаешь, звук становится как на пиратских фильмах (даже хуже). Режимом геймера пользовался, но если честно, не очень понравился, хотя для ксеров полезно и круто.
4, Купил 7 декабря.На почте не проверил.При внимательном осмотре коробка с потёртостями,не запечатанная.Микрофон не работает. В этот же день отправил обратно на розетку.Брак подтвердили и через неделю прислали новые. в хорошей, запечатанной коробке. Переваги: Хорошие Недоліки: Дорого
5, Что взять a4Tech G501 или HyperX cloud Stinger?
2, Через 1.5 года разлезлись амбюшуры по шву склеивания. Греется звуковая карта, и не плохо. Отвратительная поддержка пользователей. Звук на 3 ку, есть с чем сравнивать. Написал на оф.сайт и в группу в ВК о отм что нужны амбюшуры, заказать. Ответа не получил ни от кого. Пользоваться ушами естественно не могу, Переваги: Так себе звук Недоліки: Много
5, Классные наушники Переваги: Всё супер . Недоліки: Нету
5, Купил сыну на Новый Год. Неделю слушает, мне не даёт. Все довольны. За такие деньги меня всё устраивает, верю в этого производителя, т.к. имеются и мышки, и вэб камера для компа, и коврик для мышки и др. Всё разного времени покупки, все вещи послужили нормально, некоторые держатся до сих пор, надеюсь и с ушами будет так. Розетке +++++, молодцы. Переваги: Стильный вид, дополнительный софт, отличный звук Недоліки: Для своей цены их нет.
3, Если полистать коментарии то мношие пишут плохой микрофон или плохой 7.1,если покопатся в софте то эти наушники станут раем меломана,но увы люфт и хлипкий пластик забирают 2 звезды Переваги: Цена,микрофон как для буджетника,звук,внешняя аудио карта,софт,неплохой дизайн Недоліки: Упали с метровой высоты перестал гореть светодиод и теперь 1 ухо болтается,хлипкий с люфтами пластик
5, Звучание очень не плохое (для своей цены вообще бомба). Купил себе и сыну. Оба довольны, слов нет. Рекомендую. Переваги: Отличный микрофон, для наушников нижние частоты просто супер. Недоліки: Регулятор громкости очень медленно снижает/увеличивает громкость
5, Гарнитура супер! Качество звучания и сборки отличное, радует очень качественный микрофон) На ПК работает отменно но сейчас встал другой вопрос! Работает ли она с PS4/PS4 PRO?
2, Для музыки - звук плохой Качество: - из 20 закупленых на офис - штук 7 померли от неизвестных причин в течении полугода - пластмасса ломается и трескается на раз Ушы в них болят Звук 7.1 - предствте себе колонку брошенную в ведро. Ну где то очень похоже
4, Хорошие бюджетные геймерские наушники.Для игр хватит с головой,даже для полупрофессионального гейминга. Музыку тоже можно слушать,но некоторые чистоты смазываются.Ради микрофона эти наушники покупать не стоит.А так очень хорошие наушники за такую цену.Пользуюсь уже почти год и даже намека нет на какие-то негативные изменения. Переваги: Очень хороший,чистый звук.В шутерах шаги слышно через несколько стен.Программное обеспечение для этих наушников позволяет настроить наушники не только для игр,но и для прослушивания музыки.И с помощью кнопки на звуковой карте это всё можно быстро переключать.Басы в этих наушниках очень хороши.Слушать музыку с ярко выраженными басами одно удовольствие(Только придется покопаться в эквалайзере данных наушников и подстроить режим для этого.Там есть прям готовые шаблоны для разной музыки,что является очень большим плюсом).На голове сидят хорошо, уши начинают уставать лишь спустя часа 4. Мягкие ободки и гибкий каркас.Уши можно немного поворачивать в разные стороны,чтобы добиться максимального комфорта.Отдельное слово нужно сказать про шнур.Он полностью обшит и из-за этого не рвется и не гнется,если должным образом их хранить. Недоліки: Режимы 6 и 7.1 совсем не нужны и звучат ужасно. Микрофон хуже стандартного на палочке за 100 грн. Иногда,объёмный звук подводит и не получается точно определить от куда идет звук.Но такие ситуации встречаются очень редко.Летом будут потеть уши из-за подушечек внутри,но это вполне терпимо.
5, Отличные наушники! Пользуюсь уже 1 год и без поломок, правда микрофон портит всю картину. Переваги: Приятный звук, приятный бас. Наушники не давят на голову, очень мягкие, но если потрусить головой, могут слететь. Достаточно необычный вид. Недоліки: Микрофон.
4, Знает кто, можно купить где амбушюры?? Они ведь съемные вроде как Переваги: Хороший звук,приятно в них сидеть Недоліки: Такой себе 7.1, амбушюры разлезлись
3, В целом , хорошие наушники , как для игр так и для фильмов . Встроенная звукавая + подключение через USB делает их , лично для меня , очень практичными , особенно если у Вас к ПК подключенные сразу несколько устройств для воспроизведения звука . Но , есть огромный недостаток , чуть более чем через год , как прошла гарантия , разлезлись амбушюры , ремонту они не подлежат . разлезлись буквально за последние несколько дней , не активного использования . Найти такие же , очень трудно , по все Украине . нашел только в одном месте , забрал последние две штуки . Причем , по довольно высокой цене . Еслиб в комплекте шли амбушюры под эти уши , тогда уверенные 5 звезд , а так только 3ка Переваги: USB , Хороший провод , встроенная звукавая Недоліки: Через 13 месяцев использования , потрескалась и разошлась замкожа на амбушюрах
5, В общем - можно (и нужно) брать. Переваги: Качество на высоте, звук отличный (аж мурашки берут при прослушивании музыки). Удобный микрофон, который прячется в наушнике и не мешает в повседневной жизни. Провод в тканевой оплётке, как ни крути - не запутаешь. Довольно лёгкие, не мешают, не давят, сидят отлично. Недоліки: Как уже писали - пульт на шнуре немного мешает
5, Прекрасные наушники за такую цену, отрабатывают её на 100%. Радует возможность детальной настройки нескольких режимов музыки и не только (для этого нужно скачать прогу с оф сайта Bloody). Дизайн радует глаз! Если решаешь: покупать или нет - покупай, не пожалеешь! Переваги: Идеальный звук, возможность настройки нескольких режимов, редкий режим среди всех наушником 7.1 (хотя он подходит только для просмотра фильмов), USB разъём вместо 3.5 mini jack, великолепный дизайн, качество материалов (дорогая пластмасса, качественный зам кожи на ушах, красивые металлические вставки). Недоліки: Удовлетворительный микрофон, не идеальный, но вполне достойный.
4, очень хорошие наушники Переваги: Очинь хорошо сидят на голове Недоліки: через часа два начинают потеть уши ну ето не сильний недостаток
3, Скажите а эти наушники подойдут для PS3?
5, За свою цену наушники самые лучшие, все у них идеально работает, наушники в лучшем качестве и аналогично все другое в них! Переваги: Микрофон отличный! не фонит, слышно твой реальный голос, без всякого лишнего звука, удобства замечательные, после длительных игр 5-10ч. просидели идеально, не чувствовал неудобства, провод офигенный, не выскакивают ниточки с провода! Я долго рассматривал их, ничего плохого не нашел Недоліки: На нуле, недостаток не найдено!
4, За 2 года только амбушюры пооблазили. Переваги: Микрофон, мягкие, ПО Недоліки: Тяжелые, при наклоне головы спадают
4, Пользуюсь уже больше полутора лет. Звук не плохой за такие деньги , они в принципе удобные. Но есть один больной минус - начались рватся амбушюры через год бережного использования. У друга который также приобрёл эти наушники при менее бережном использовании они начали рватся месяца через 4 . Имейте в виду перед покупкой. А лучше доплатить и купить HyperX Cloud. Переваги: Неплохой звук. Цена . Неплохо сидят на голове. Недоліки: Рвутся амбушюры .
5, Сын доволен!
5, Гарнітура супер, всем рекомендую. Для CS GO в самий раз Переваги: Встроенная звуковая карта, 3 режима(Game.Stereo.7.1) с 5 профилями для настройки еквалайзера. Кабель в оплетке, класний вигляд Недоліки: Лично мне немного давят на уши через 2-3часа
5, Наушники отличные более года юзаю, доволен сполна , но есть НО порвалась левая амбрущюра.
4, Подскажите пожалуйста где их можно починить. Переваги: Качество звука, смена тонов, очень подходит для игры в кс и osu, так же не плохие показатели в скайпе. Недоліки: сломался микрофон( дал малому поигратся в игру.
4, Наушники приобрел 8 месяцев назад, очень рад этой покупкой, но есть некоторые нюансы. Во-первых, микрофон здесь не самый лучший, но видел и похуже. Дело в том, что звук микрофона глухой и неприятный, издает очень неприятный шум. Во-вторых, предназначенные драйвера для данной модели, ведут себя очень нестабильно (тормозят и т. д.). В общем наушники за свою цену - отличные! Переваги: Звук, приятный бас, мягкость наушников. Недоліки: Микрофон, драйвера.
4, Пользуюсь неделю. Хорошее соотношение цены и качества. Музыка нравиться, фирменная программа для настройки позволяет получить хороший звук для разной музыки. микрофон очень чувствительный, как по мне лучше бы он был Однонаправленный, так как собеседник слышит все посторонние шумы. Переваги: Соотношение цена/качество очень хорошее. Очень хороший звук, при использовании фирменной программы для настройки порадуют и при просмотре фильмов и для музыки и в играх. Универсальные. Недоліки: Незначительные. По жаре кожа потеет под амбушурами. Всенаправленный микрофон- сбеседник слышит все посторонние звуки.
5, Соотношение цены и качества порадовало. Переваги: Отличный звук, для игр самое оно. Покупкой доволен. Недоліки: За несколько месяцев использования не обнаружил.
3, Купил их в марте 14го, верой и правдой свои два года отслужили, а вчера выбросил в ящик с другим барахлом Переваги: Довольно чувствительный микрофон, не обязательно его вытаскивать с кармашка для хорошей передачи. Неплохой звук, не сильно жмут так что вполне можно сидеть в них часами. Недоліки: Регулятор громкости на проводе сдох через пол года работы, сами дополнительные режимы не очень. Провод хоть и изолирован но очень чувствителен к перекручиванию и изгибам что в конечном случае и стало причиной их "смерти"
5, Продал свои Parrot Zik 1.0 и после них, учитывая их (Parrot Zik) сумасшедшую цену и соответствующее качество думал что другие наушники будут казаться на их фоне полным мусором. Оказалось что ошибался - данный экземпляр порадовал качеством. Использую по сей день, покупкой очень доволен. Рекомендую! Переваги: Качество звука на высоте; удобно сидят на макитре; качество микрофона - супер! Недоліки: Не обнаружил
5, Спустя 2-3 лет брошюры начинают трескатся но только слегка. Это вообще не критично. Материал отличный. Переваги: Спецыальное ПО с полной настройкой под себя. 5 Недоліки: Нет
5, Пользуюсь уже пол года, покупал себе на Новый год. До сих пор ни одного нарекания. Рекомендую! Переваги: Удобные, легкие, просты в настройке, кабель с переплетом, отличный микрофон Недоліки: нет
5, Пользуюсь пол года и могу сказать что в целом не плохо за ту стоимость за которую я их купил,есть некоторые недостатки с которыми можно смириться,для игры в Cs GO,Музыки,Skype самое то. Переваги: Отличный дизайн,хороший звук в режиме 2.0,микрофон не фонит Недоліки: режимы 7.1 и Gaming не особо понравились,глухо и искусственно,нет подавления шумов микрофона.
3, Лучше настроить режим 2.0 для игр , лучше слышно. 7.1 ну вроде для фильмов круто но не естественно Переваги: Микрофон и настройка ушей Недоліки: Гейминг и 7.1 режимы бесполезны
5, Очень даже неплохие уши. У каждого такие на работе, привык, поэтому взял такие же домой. Качество звука не супер-супер, но для повседневного ношения и конференций более чем. Плюс - встроенная карта. Мой рабочий экземпляр (уже второй, первый где-то смешался с общей массой при переезде) довольно странно вел себя в Линухе - уши нужно было переставлять при рестарте системы, потому как звук начинал хрипеть. В Винде и Маке ведет себя нормально. Переваги: Не устают уши и голова Недоліки: Странное поведение одного из экземпляров в Linux
3, Хорошии наушники но за полгода начали ломаться Переваги: Хорошии наушник,и 7.1 Недоліки: Незнаю как у других,но у меня правое ухо начало ломаться.Началося болтыхаться поворот правого уха и ещо, как-будто там чтото отвалилось
3, два года юзаю эти уши. Микрофон шикарный, всенаправленный, четкий звук, чувствительный. Сборка не айс, регулировка размера на левом ухе навернулась через полгода и теперь тупо ездит сама как хочет) решается вставкой металической скобы по типу предустановленной (но влом разбирать снова). Спустя год начали отходить попеременно уши (пропадать звук), грешил на звуковую - оказалось кабель. Пришлось несколько раз укорачивать и перепаивать контакты, теперь шнур короче на 20 см. Пересыхает тупо кабель и начинает ломаться (представьте этот ад перепаивать раз за разом 8 тонюсеньких жил). Звучание сносное, смотрю фильмы все на 7,1 режиме. хоть немного, но обьемности добавляет. Музыку слушать в них можно, но если вы любитель хорошего звучание - битсы в помощь. В игрушках все слышно просто замечательно. В общем смотрите сами покупать или нет. лучше уж кракены или сиберию взять. Переваги: Встроенная звуковая карта, микрофон, звук, настраиваемое ПО от разработчиков. Недоліки: сборка, качество материалов, теперь высокая цена которая высосана из пальца
4, користуюся вже два роки даними навушниками, недавно появилася проблема, порвалася шкіряна обшивка, може хто стикався з даною проблемою, то підскажіть будь-ласка, вона легко знімається, самому якось полагодити не вдалося, працюють навушники суперово, звук бомба, але от появилася проблема, чекаю на ваші коментарі,
5, Покупкой очень доволен, юзаю месяц в 99% в бф4 если правильно настроить это нечто, накноц-то есть преимущество когда слышишь шаги опонент, занимаешь позицию по удобней и "жетоны твои"(кто играет в бф4 поймет). Особенно порадовало звучание когда к примеру стоишь по середине между двумя вертолетами пролетающими над тобой, ощущение как будто ты реально находишься не в кресле у компа, а в военном аэропорте )). Долго мучался какие брать эти или Kingston HyperX Cloud Core и не пожалел, хотя бы по той простой причине , что в моих есть звуковая карта встроенная)))а отдавать деньги за клауды 2 с такими же характеристиками, как-то не хочется Переваги: качество сборки, звук классный Недоліки: неудобно расположена звуковая карта(она -же переключатель режимов звуков
4, В целом неплохо, также могу добавить, что толком не использую режимы game и 7.1, ибо звучат убого, но при стандартном режиме 2.0 + настройки эквалайзера в программе наушников и звук получается отличным, особенно для электронной музыки. Наушники довольно громкие, не рипят. Переваги: Хороший звук, встроенный эквалайзер, можно настроить разные режимы звука и переключать их. Красивый дизайн, длинный шнур. На голове сидят удобно. Недоліки: Регулятор громкость оочень слабо регулирует звук, со временем так вообще почти не работает. Приходится регулировать звук средствами винды. Работают 1,5 года, но их внешний вид стал ужасен, всё облезло, микрофон очень слабо вытаскивается, если бы можно было вытащить дальше, звук с него был бы намного лучше, а так получается приглушённым.
3, после двух лет довольно редкого использования игра+скайп внезапно умер микрофон, на 2х компах проверял. жаль выбрасывать, но без микрофона... Переваги: для игр не плохой звук за свою цену Недоліки: умер микрофон
5, Пользуюсь этими наушниками около 4-5 месяцев и за это время ничего плохого с ними не случилось. С драйверами наушники играют великолепно, еще есть виртуальное 7.1 звучание, но с драйверами. Упор явно на игры, ну и для музыки наушники великолепные, такие как бас, метал - играют отлично! Всем советую! Переваги: Звучание на высоком уровне (басы очень приятные), удобные, легкие по весу. От наушников уши не устают. Плюс в наушниках есть звуковая карта, а с драйверами звук просто великолепен! Недоліки: В наушниках ужасный микрофон, как будто говоришь в трубу. Со временем может пачкаться матовая поверхность, но я думаю это уж не такая большая проблема.
4, Купил эти наушники 26 ноября 2015 18:23 пользуюсь по сей день все отлично работает правда от микрофона ожидал большего Софт отличный всё понятно Качество сборки отличное ничего не люфтит не скрипит Переваги: Хороший звук Недоліки: у микрофона нету шумоподовления
5, Ну что могу сказать, пока мало, юзаю первый день, качество наушников очень хорошее, ухи не болят (очень хорошо прилягают к ушам) провод длинный, звук классный. Единственный минус день мучался с подключением, дрова и тп даже винду пришлось переустанавливать. Переваги: Зборка, звучание, подсветка, шнур. Недоліки: Марока с дровами чтоб и колонки и наушники подключить. А и жадность в виде отсутствия дров на диске какая-то картонка с сылкой)
4, У меня такая проблема, через месяц после покупки микрофон стал глючить, сижу в рк и мне говорят что много шумов, а меня плохо слышно, полоска срабатывания микрофона на голол зашкаливает почти до конца даже в тишине, если зайти в настройки и поменять громкость микрофона то всё становиться нормально, но через несколько минут та же проблема, не знаю что мне делать... Переваги: Удобные, хороший звук, хороший дизайн! Недоліки: Недолговечные, проблемы с микрофоном!
5, Мне очень понравились наушники и ношу их уже месяц,все хорошо)) Переваги: Наушники недорогие хорошие и удобные.К наушникам привык за 1 день). Недоліки: Нету
5, A4TechBloody лутшие Переваги: Шумоизоляция, чуствительний микрофон, Драйвера в которых все можна настроить под себя, 3 режима ( 7.1, games, music), USB розьем. Недоліки: Современим (6-12 месяцев) перестал роботать регулятор громкости.
5, Уши супер!!!!
5, Пользуюсь неделю. Полет нормальный. Материалы качественные, отлично сидят на моей голове, уши не болят после нескольких часов использования. По звуку - как для игр, так и для связи очень даже неплохие. Если берете для музыки, то вам не сюда - лучше остановите ваш выбор на AKG, например.
5, Отличный звук. Простота в использовании. Переваги: Качество звука
5, Приобрел наушники по скидке. Звук очень хороший, отлично сидят на голове. Нет после них неприятных ощущений. Единственное, что подкачало, так это звук из микрофона... Но за свою цену - отличное решение! Переваги: Не давят уши, достойный звук. Недоліки: Микрофон
5, Доволен как слон, ребят берите не пожалеете, а те что пишут уши не оч., то если помудрить в настройке, то можно их для себя настроить для 100%-го удобства. Берите и ещё раз БЕРИТЕ! Переваги: Очень мягкие амбушюры, полностью обхватывают моё ухо, приятный софт тач, железное оголовье, не лёгкие, но можно сказать средний вес. Недоліки: Нууу есть ток одна проблема, это софт, нужно немного с ним посидеть, настроить, ещё сильно шнур крутиться, а так больше нет недостатков.
4, Уши великолепны! Правда я купил давно, работают как-будто приобрёл только вчера. Недостатки почти не заметны. Переваги: Очень удобны в использовании. По скайпу разговаривать милое дело. Недоліки: Иногда отходит контакт.
5, Подскажите, как убрать шум в микрофоне? Переваги: Хороший звук, много режимов. Недоліки: Шум в микрофоне.
3, Микрофон среднего качества, окружающие прекрасно слышат все звуки что илут в наушниках, и это очень плохо.
5, В полне неплохая гарнитура,особено пойдёт по нраву игрокам шутеров-ДЕЙСТВИТЕЛЬНО ХОРОШО СЛЫШНЫ ШАГИ Переваги: Можно разыграть друга с другим голосом :D Недоліки: ----------------------
5, Хороший звук как в игре так и для просмотров фильмов. Микрофон отлично передает голос. Прекрасный дизайн с подсветкой смотрится очень оригинально. удобные в настройке. Переваги: Микрофон. Звук. Внешний вид. Недоліки: Слегка давит на уши, но возможно это чисто индивидуально для каждого.
5, Отличные наушники, рекомендую!
5, Швидка доставка, якісний товар, дякую!!!
5, Можно ли подключить эти наушники к телефону через usb OTG? Переваги: Отличные! Недоліки: Пока неизвестны
5, Можно ли подключить эти наушники к телефону через usb переходник? Переваги: Все супер! Недоліки: Пока не известно
3, Не плохие наушники,но провод это провал... А так всем доволен,впредь обращайте внимание на провод Переваги: Звук хороший,басы чувствуются,микрофон хороший Недоліки: Провод не резиновый начал путаться и отходить через пол года,микрофон через года два накрылся
5, Круто Переваги: наушники просто бомба!!!!!:) Недоліки: --------
5, Наушники-огонь сидят чудно ,не давят уши из-за большого размера.Микрофон для работы оператора более чем достаточно,четко слышно речь на прием.Музыка идет вовсе ярко,басы отличные,да и режимов куча для настройки.Одним словом рекомендую весьма добротный товар!!! Переваги: Очень качественный звук,богатый функционал,прекрасный микрофон Недоліки: Нет
4, Приобрел эти наушники. В целом очень доволен. Раньше были наушники Sven обычные и разница в звуке очень ощутимая. Порадовал функционал программы управления ими. То что говорять что их прога не открывается на Win 10 x64 - не правда!!! Возможно те люди устанавливали старые дрова. Я скачал с офф сайта и все стало без проблем. Эти наушники - просто рай для перфекциониста, т.к. можно их настроить как Вам хочется. Порадовал очень микрофон: очень чувствительный без фона и слышно даже если кричать с другой комнаты. Переваги: Хороший микрофон, хорошее обьемное звучание, многофункциональная прога управления, для игр самое то. Недоліки: В принципе нет. Могу только сказать что может быть дискомфорт, когда слушаешь высокие частоты, но это не принципиальный минус, т.к. всё настраивается в программе. И жаль что стандартно стоят настройки только на 3 игры: AVA, CF, CS.
5, Не желею о покупки Переваги: Масса возможностей настройки
5, Хорошо и удобно сидят на голове,красивый дизайн,зборка обрадовала.Наушники супер Переваги: Хороший подарок,отличный звук,качественная зборка,микрофон для игр хороший. Недоліки: Не нашел.
4, Покупал эти наушники год назад , для игр подходят отлично, хорошее качество звучания через микрофон, единственное что не понравилось, это что шнур со временем поскручивался, поэтому чтобы предотвратить это лучше сразу после покупки выбрать длину шнура которая тебе нужна, а остальную часть скрепить липучкой которая идет в комплекте, в целом наушники на свою цену получились на твердую 4, надеюсь радовать они будут долго не только меня, но и Вас Переваги: Удобные, хорошее качество звука для такой цены, индивидуальная настройка Недоліки: подверженность к перегибам шнура
5, Хорошие наушники за такую цену, лучше не найдете в данном сегменте.Пульт управления на наушниках удобен, тканевая оплетка хорошая.Но придется привыкнуть к звуку, у меня до них была SS Siberia V2 ,и они были тише, когда я включил музыку в данных наушниках, то думал оглохну. Кстати приятная фишка со сменой голоса, можно повеселиться с друзьями, и потролить в КС-е :) Микрофон хороший, друзья говорят, что лучше чем прошлый, и не фонит. В общем покупкой остался доволен, посмотрим как покажет себя потом. Переваги: Хороший звук, 7.1, игровой режим, все настраивается, приятная сборка, красиво выглядят. Разные присеты Недоліки: Прокрутка громкости на наушниках ну очень плохая, нужно секунд 10-20 крутить, что бы выкрутить звук на полную, или на минимум
4, Претензия даже не к товару, а к техподдержке: софт, необходимый для нормальной работы этих наушников весьма привередливый, без цифровой подписи и недоработанный. Однако оставить како-либо отзыв/баг-репорт на официальном сайте невозможно — форма попросту не отправляется. В официальной группе ВК — игнор. Переваги: Нормальные игровые наушники, требующие тщательной настройки. Хороший дизайн, эргономичность. Недоліки: Сырой софт, отсутсвие техподдержки.
5, Купил 2 дня назад - первое впечатление очень хорошее: качество сборки, внешний вид, возможность настройки для игр. Покупал под игры, музыку слушаю немного,поэтому качество звучания меня вполне устраивает. Переваги: Внешний вид, функционал - заточен под игры Недоліки: за 2 дня не нашёл
5, Всё что могу написать-мужу подарок понравился. Сказал супер.
4, Отличный звук, микрофон, но через 1,5 года отошел шнур и не работает один динамик
5, Покупал эти уши год назад. Перед этим брал только простенькие и относительно дешевые, но после очередной пары полетевшей в мусорку, решил выбрать "что то подороже". В двух словах - они божественны, не жалею о своем выборе. Наушники предоставляют возможность выбрать один из трех режимов канала звука, в каждом из которых есть по 5 вариантов звучания, и каждый, из которых, можно настраивать вручную, через специальную программу, скачать которую можно с официального сайта производителя (визитка с сайтом есть в коробке с наушниками). Микрофон отличный, но есть небольшой косяк, собеседник слышит все, что происходит у вас в квартире/доме, но благодаря переключателю можно спокойно выключить микрофон, а после легко включить его вернувшись в игру, хотя это и не решает основную проблему, но частенько очень помогает. Переваги: Режимы звучания, хороший микрофон, удобно сидят (не давят). Недоліки: Ярко выраженных нет!
4, Использую в качестве обыкновенных наушников с компьютером + колесико регулировки громкости на проводе + режимами микрофона иногда балуюсь. Все остальные настройки превращают звук в какое-то отвратительное месиво. Переваги: Сидят отлично, звук хороший, микрофон прекрасный, провод длинный, сборка качественная Недоліки: Софт просто отвратительный
3, Купил эти наушники в розетке чуть больше года назад. После года использования (вполне бережного использования) амбушюры разошлись по швам, а их дермантиновое покрытие разлезлось. Спустя пол года на правом наушнике, к которому крепится провод, перестал работать диод подсвечивающий красную руку. При движении головой на том самом правом наушнике начали проявляться сторонние шумы. Микрофон благополучно перестал работать. Шнур, который заведомо прикреплен к наушникам так что бы долго они не прослужили, начал вылазить из оплета из-за постоянного наклона (шнур прикреплен не к центру наушника, а смещен немного назад и находится в постоянном изогнутом состоянии во время эксплуатации). В общем эти наушники долго не прослужили из-за своего дизайна, благодаря которому шнур на креплении к наушнику постоянно изогнут, что в будущем отражается на работоспособности Переваги: Довольной хороший звук и позиционирование в играх. Большой спектр настройки звука и встроенные пресеты эквалайзера. Много режимов звука Недоліки: Мкрофон: собеседники слышат все, что происходит в квартире. И конечно же краткое время жизни из-за повреждения шнура, благодаря его не эргономичному нахождению в месте крепления к наушнику
4, Непогана річ по відношенню ціна/якість. Проте, ці навушники варто розглядати лише як ігрові. Мають дуже хороше позиціонування і часто бували випадки коли, під час гри, мої друзі(дехто з них користується стіл сіріес сіберія в2) та "тіммейти)" просто не розуміли звідки я знав що хтось іде ззаду чи перезаряджається за стіною чи т.п. Музику в них теж слухати в принципі можна в режимі 2.0. Проте режим 7.1 далекий від справжнього 7.1 і практично непотрібний (в іграх звук стає нереально далекий і глухай, ну а музика просто жахлива(ну в принципі 7.1 далеко не для музики)) Відслужили 1.5 року і через численні обриви у кабелі стали непригодні для ремонту (принаймні в звичайних сервісних центрах, які займаються аудіотехнікою, ну і тим більше самому(дротики - волосинки)). Просто замінити кабель неможливо протсто тому що він ніде не продається, в с.ц. в них такого теж немає. Єдиний офф сервісний центр є у Києві (а за ціну навушників в Київ спеціально не поїду). От тепер купляю нові Kingston HyperX Cloud. Переваги: Зовнішня звукова карта / пульт Дуже зручно сидять. М'ягесенькі подушечки. Висувний мікрофон, який гнеться у всі сторони. Нічого не скрипить. Вигляд не втрачають. Можливість настройки і створення власних конфігурацій за допомогою драйвера з офф сайта. Недоліки: Попри внушаючий довіру обплетений тканиною кабель у середині знаходяться 8 тонесеньких дротиків, які запросто рвуться при "дьорганні" гарнітури, вириванні її з гнізда і т.п. (я не такий вандал, але траплялися випадки переїзджання кабеля колесами крісла та випадкове зачіпання тапками xD і послідуюче виривання їх неуважними членами сім'ї :) ) Також, очевидно слабка якість звуку для прослуховування музики
5, отличные уши Переваги: отличные уши
4, Наушники в целом весьма ничего, для геймеров эт вообще находка, доп утилита дает неймоверные возможности для настройки. На голове сидят как-то неуверенно, уши в них да, потеют, но наверное как и в любых наушниках такого размера. Колесико регулировки звука нужно реально оч долго крутить чтоб нормально набавить звука, но подозреваю это сделанно спецом для тонкой регулировки уровня звука. Короче уши тянут на четверочку. Переваги: Возможность тонкой настройки под различные игры Недоліки: Для достойного прослушивания музыки плоховаты
5, Покупал наушники год назад.Очень порадовало позиционирование так как играя в CS GO можно услышать любой топот и понять где сидит противник.Звук в наушниках просто шикарный...Микрофон тоже неплохой.На наушниках стоит очень мягкая прокладка,так что ваши ушки не будут болеть после целого дня использования . Внешний вид наушников очень порадовал.В целом покупкой доволен =) Переваги: Шикарный звук,хороший микрофон,собственная звуковая карта,кабель в оплетке,отличный внешний вид с подсветкой. Недоліки: Спустя год на кабеле слегка слетела оплетка,но ее всегда можно поправить =)
5, Звук хороший, но качество по сравнению с stesteelseries слабоват. Но в своем ценовом сегменте это лучший выбор. Переваги: Удобные, качество звука хорошее. Выбор цена качество. Недоліки: нету
5, Комфортно сидят, но не плотно, после 2+ часов начинают подавливать, неполная звукоизоляция, хотя это минусом назвать сложно. Звуковая карта сделана бюджетненько, плохо переключаются режимы, но порадовало колесико громкости, оно бесконечно крутится с шагом в один пункт))), естественно громкость только до 100 рассчитана. В целом в своей ценовой категории они очень даже достойны, геймерам однозначно подойдет. Всем советую! Переваги: Звук порадовал, наличие 3 режимов с настраиваемыми присетами, микрофон выдвижной, довольно неплохой. Недоліки: Какая цена, такой и 7.1, то есть никакой.
3, Но не все так хорошо как кажется на первый взгляд. Где то через 2 месяца использования перестал работать вравый светодиод под эмблемой. Потом начал сильно крутиться кабель, в конце концов после 6 месяцев он оголился в месте соединения с корпусом, я заизолировал. Потом перестал работать второй светодиод. Звук еще был норм, но уже через 8 месяцев после покупки но начал частично пропадать в правой чаше. 9 месяц - стала рваться обмотка кабеля в месте где он перекрутился, правый наушник перестал работать. Наушники не прожили и года. Переваги: Хорошие наушники.. брал со скидкой Отличный звук, хорошое позиционирование, миктофон вообще чудо, главное дрова установить. Виртуальный 7.1 уж слишком не реалестичен. Недоліки: Звукоизоляция хороша, но после 2,5 часов чаши начинают давить на хрящи ушей.
3, наушники за свою цену вполне неплохие но только за свою цену, у них достаточно весомые минусы что бы не быть хорошими наушниками Переваги: много режимов, отличный микрофон, своя звуковая карта неплохое позиционирование Недоліки: ушные чаши маленькие и по этому пол часа и уши начинают болеть даже не смотря на то что амбушюры очень мягкие, звук слишком сильно меняется при смене режима и к этому нужно привыкнуть, как ни крути но это самый обычный китай хоть и довольно неплохой
4, Купил не так давно и очень доволен что решился на покупку. Сидят прекрасно, не давят на уши и голову даже просидев в них весь день по работе или в игре. Единственное что жарковато в них и очень нечувствительное колесико регулятора громкости, долго нужно крутить чтоб сделать тише или громче, а так уши отличные. Переваги: Хороший звук и микрофон, встроенная звуковая карта, сидят очень удобно, прочный кабель и конструкция в целом Недоліки: Пока не заметил
5, Дуже хороша гарнітура. Трохи сумнівався чи купляти дану продукцію, бо було декілька негативних відгуків, які впливали на моє рішення, проте я взяв і не був розчарований, ще й встиг взяти за меншу ціну) Переваги: Хороший звук, софт для керування різними режимами прослуховування, та мікрофоном, зручні, міцні. Загалом усе сподобалось. Недоліки: Поки не помітив.
5, Хорошие наушники, удобная программа для настройки эквалайзера
5, Отличные наушники за свою цену! Приятные на ощупь материалы, регулировка режимов, качественный микрофон. Сели как родные! Переваги: Цена=качество Недоліки: Если не придираться, то нет.
5, Купил сей девайс на розетке.После двух дней пользования могу сказать : наушники превзошли все мои ожидания - очень хорошо сидят на голове , хороший звук, крепкие, не давят на уши, мягкие абюшуры , три режима,хотя я бы не советовал пользоваться режимом 7.1 , понятно что в наушниках он не очень круто реализован, четкий гибкий микрофон.Советую, в этом ценовом диапазоне - лучшая геймерская гарнитура. Переваги: Микрофон,звук.Наушники удобные, хоть и большие, встроенная звуковая карта. Недоліки: Для маленькой головы наверное не подойдут, большеватые.
4, Пользуюсь уже пару месяцев, полет нормальны) В этой ценовой категории достойная модель, хороший микрофон, встроенная звуковая карта и свой драйвер, скачал с сайта, установил и без никаких проблем, разные режимы, тут на любителя, по факту первое время было интересно, потом забросил, в шутеры не играю, в танках ездил, все вполне устраивает, музыка в режиме 2,0 тоже хорошая, 7,1 включаю только на фильмах или сериалах, действительно совсем другой звук, а так, больше и не нужно. Как обычно радует оплетка кабеля, не боишься, что он где то перетрется. Вполне нормальный размер оголовья. Просидеть в них сутки не получится никак, ну или может я особенный. Из минусов, больше всего не нравится коробочка с чудо кнопкой, пластик выглядит очень дешево и ненадежно, и не совсем удобные переключатели, и уж ну очень плавная регулировка громкости, колесико надо крутить оооочень долго. Переваги: Микрофон, режимы, кабель, звуковая карта. Недоліки: Материал, кожзам и пластик не внушают уверенности, что девайс будет долго жить.
5, Устраивает абсолютно все,особенно софт! Переваги: В шутерах просто супер! Недоліки: Не нашел,хоть просидел в них почти сутки)
5, Хороший звук даже без софта, цена слишком низкая для такого качества, по моему мнению. Не давят на голову и ушам приятно (Амбушуры просто воздушные). Доставили на следующий день после заказа! Советую всем!!!
5, Наушники класс Переваги: Куча Недоліки: Никоких
5, Успел купит дешевле ) Полностью доволен. Звук супер - друпер :)))) Микрофон огонь :))))) Скачал софт, очень быстро всё настроил и наслаждаюсь :)))) Спасибо Розетке и Новой почте за быструю доставку :) Переваги: Качество звука, микрофон просто класс, комфорт, простота настройки, кабель достаточно длинный Недоліки: Пока не нашел :)
5, Админы, зачем удалили мой отзыв про колесико громкости? Людям помогло бы, было бы как одно из решений подобных проблем. Я нашел решение и оно оказалось проще простого! Теперь заново и вкратце, после подключения к компу и установки нужного софта у меня никак не реагировало колесико громкости, то есть, при прокручивании не менялась громкость. Решение: нужно было всего лишь перезагрузить комп:) Тогда закрадывались мысли об этом, но все же лень взяла свое. А сегодня вот после включения компа проверил и все работает. Уши бомба во всех смыслах, и звук и дизайн, функционал в плане режимов, просто супер! Не слушайте никого, просто покупайте) Переваги: Дизайн, звук, функционал. Недоліки: Не вижу.
5, Купил. Настроил под CS GO. порой даже не ловко, когда оппоненты читаком называют. Они еще бегут, а ты уже знаешь от куда они выйдут :) Переваги: все ок Недоліки: пока не заменил
4, отличные наушники Переваги: хорошая сборка, качество материалов, дизайн, много режимов, удобные Недоліки: ощутимо греется регулятор
5, Отличный наушники! Переваги: Все супер! Недоліки: нет
5, Гарнитура супер, микрофон отличный я его даже не вытаскиваю и меня отлично слышно как в скайпе так и в тс во время ГК(для танкистов). Удобный софт,на голову и уши не давят ну через сутки просиживания появляется не большой дискомфорт ушам. Все фильмы смотрю с 7.1 не ожидал такого звука. В играх ставлю ползунок на Game тоже прикольно. Покупкой довелен сполна!!! Переваги: Микрофон, дизайн, звучание динамиков. Недоліки: Через сутки просиживания появляется не большой дискомфорт ушам.
5, Отличные наушники,звучание качественное,многожество настроек. Недоліки: Слишком длинный провод (работаю с ноутбуком)
5, отличные уши))) Переваги: есть мышка того же производителя,,очень остался доволен плюс софт с оф сайта настраивает именно под вас,,для музыки слабоваты вот для геймеров отл Недоліки: не мог загрузить програмное обеспечение с сайта,,,окозалось дело в антивируснике блокировал ихнею прогу,,после деятой попытки загрузил
5, Недостатков нету, пользуюсь, доволен Переваги: Хорошое звучание, много режимов, удобные Недоліки: -
5, Отличные уши
5, Пользуюсь этим чудом больше полугода.Звук просто супер, микрофон тоже.Режим RADAR 360 GAMING-это нечто, как и сказал Виталий Скороход,слышно все звуки(шаги,стрельба,фоновые звуки и т.д..)чётко и качественно.Да, было пару раз дрова глючели, в остальном всё класс.Правда режим 7.1 почти не использую.Сергей Чеботарев разбирайтесь в настройках ПО. Переваги: Качество звучания,микрофон,цена. Недоліки: Дрова пару раз пришлось переустанавливать.
5, Хороший вариант. Переваги: Требовательный пользователь, для которого совершалась эта покупка, доволен. Недоліки: Нареканий нет.
4, Скажу кратко: звук хороший, но любителям баса скажу сразу, это не ваш выбор. Микрофон хороший, чёткий. Позиционирование в играх отличное. 7.1 хорошо под фильмы. Но вот для музыки не хватает, как раз-таки, натурального баса. 8\10 Переваги: Микрофон оказался на удивление хорошим, удобные, не жмут. Хорошее ПО. Недоліки: Маловато баса. Да и пульт управления мог бы быть пониже, чтобы можно было на стол положить и не натягивал провод.
5, Наушники очень классные, думаю долго с ними не расстанусь. Советую! Переваги: Очень хорошие наушники, комфортно лежат на голове, уши не устают даже после очень долгого использования, звук очень приятный, даже на максимальной громкости нет никакого шума, микрофон божественный - очень хороший, никаких лишних шумов не улавливает, только лишь ваш голос. Недоліки: Не вижу и не слышу недостатков :)
5, Хорошие наушники, не давят, довольно легкие, удобный микро. Функции по изменению голоса могут повеселить, лучшей альтернативы пока что не вижу =)
4, Отличные ушки за свою цену. Легкие и прочные. Сидят удобно, отсекают около 75% громкости всех звуков, но как любые закрытые уши могут быть неудобны (жмут), если вы носите очки, решается более тонкой оправой. Переваги: Стальная дужка. Мягкие накладки. Неплохой звук (по сравнению с хорошими ушами для музыки). Выдвижной гибкий микрофон, очень чувствительный. Оплетенный провод - котам не понравится его грызть. Недоліки: Микрофон мог быть бы и подлиннее, хотя это скорее субъективно. На слабых блоках питания может быть проблема шипения и хрипов звука (чаще всего старые ноутбуки) - ввиду того что по 1 линии USB тянется прилично мощности, На USB 3.0 x 400 ватным БП все стало ок.
4, Брала мужу, он очень доволен. Переваги: Хороший звук, различные режимы Недоліки: На женскую голову велики :)
5, Пользуюсь уже больше недели минусов не обнаружил, сей девайс не раз спасал меня когда противники оказывались сзади, лично в я брал для кс го и они себя полностю оправдали, если посидеть часик покрутить режимы, всё будет отлично. Мне понравились, всем советую! Переваги: Отличное звучание, удобные, светятся 0_0)
5, Советую Переваги: Очень качественные наушники. Звук отличный. Недоліки: Нету!
5, Классные Наушники! Переваги: Ергономичность, отлично сидят, отлично подавляют сторонние шумы, отличный микрофон. Недоліки: регулятор громкости уменьшает звук в самом комп'ютере,а не наушников неудобно...
5, Просто бомба, использую параллельно с колонками, нужно было приловчиться менять устройство звука по умолчанию, когда привык - просто шедевр за эти деньги. Друг пришел, дал послушать музыку, теперь требует себе на День рождения такие же) Переваги: Звук, режимы Недоліки: идет отдельным звуковым устройством, но тут дело привычки, или если вообще не используешь колонки - тогда нет разницы.
5, Как обычно соотношение цена качество у a4tech как всегда отличное. Звук хороший, ничего не давит, очень легкие, удивило качество зборки. Переваги: Цена, сборка, звук, вес, материалы, шикарное качество микрофона. Недоліки: Пару раз переставал работать микрофон. Если не вытягивать его на полную длину такого не происходит.
4, Неплохие наушники для игр. Для музыки не советую. Переваги: Цена-качество, звук для игр на 4+, Недоліки: Жмут в уши, долго не высидишь. Бессмысленный режим 7.1
5, Уши не устают , при доп софте все настраивается , в играх все на 5+ музыка 5+ , вообщем все супер. Переваги: Все работает на высоте
4, В целом - нормуль, как для игровых наушников. Для музыки конечно за эти деньги лучше взять Sennheiser. Переваги: Высокие частоты - супер, басы - хорошо, середина - нормально. Не сжимают голову, удобные, качественные материалы, симпатично смотрятся. Недоліки: Пульт на проводе - никудышный, кнопка переключения режима долго не протянула, начала глючить) К счастью - это не очень большая проблема.
5, Пользуюсь ими 4 месяца. Отличные уши, на голове сидят хорошо, прекрасная, как по мне, шумоизоляция, громкости вполне достаточно, обычно слушаю на половине, качество звука отличное. Но есть и минусы: когда играешь в игру в наушниках, если их выдернуть. а потом вставить обратно, то звук пропадает и приходится перезапускать игру, с некоторыми плеерами тот же прикол. Толи это из-за использования USB подключения, толи из-за собственной звуковой карты наушников. В целом могу сказать. что своих денег однозначно стоят! Рекомендую! Переваги: Громкие, длинный шнур, шумоизоляция, хорошо сидят Недоліки: Единственный, описан выше
4, за такую цену лучше нет Переваги: удобные,хорошее звучание Недоліки: нет
5, Навушники дуже комфортні 3 режима (музика, фільми, ігри)кожному підійдуть!екомендю!!! Переваги: Дуже гарний звук.Можна настроїти під себе.Ціна Недоліки: незнайшов(пока)
5, Купил эти наушники сегодня и разу стал их изучать и тестировать. Для тех, кто еще сомневается на счет приобретения этих ушей - не сомневайтесь, не пожалеете. Прежде всего у них отличный дизайн(как для геймерских, то он очень даже лаконичный, что лично мне очень нравится). Когда впервые берешь их в руки, то кажется что они не так уж крепко сделаны - но это лишь сначала, а потом понимаешь что они сделаны очень добротно. На голове сидят отлично - не давят, но и не слишком свободно. Звук также очень радует, к тому же они почти "не пропускают" звук при работе. Програма настройки просто чудесная - теперь вместо того, что бы крутить звук в разных играх, можно просто настроить себе разные режимы, при чем прямо в настройке можно задать звуки выстрелов, шагов, погоды и дт, что невероятно удобно, особенно если играешь в разные игры, где нужны разные параметры настроек звука. Еще есть 3 встроенных режима, которые так же радуют(хоть, благодаря эквалайзеру, почти и не нужны). Переваги: Дизайн, хорошо сидит на голове, не устает голова при длительном использовании, прекрасный эквалайзер, отличный микрофон, добротная сборка Недоліки: К минусам можно приписать колесико, которое, как по мне, ездит уж больно свободно, хоть и не прокручивается от малейшего воздействия. Да и сделано оно таким для того, что бы можно было до мельчайшего тона снизить громкость.
5, отличное сочетание цена-качество Переваги: звук отличный,все понравилось Недоліки: шнур при выходе с наушников не под прямым углом
3, за такие деньги сойдет)былоб больше взял бы лучше Переваги: внешне вполне нормальние)програмно тоже хорошая идея еквалайзер по профилях) Недоліки: глухие звуки..
5, Очень хорошие наушники Переваги: Качество супер. Звукоизоляция превосходная. Недоліки: Цена.
5, Когда выбирал уши,смотрел много обзоров,но остановился на этой модели. Переваги: Очень мягкие и удобные,хорошие басы,качественный софт-тач пластик с глянцевыми элементами,качественная оплётка на шнуре.Пока самые лучшие уши что я брал. В общем рекомендую. Недоліки: Не много тяжеловаты по сравнению с другими производителями, но это дело привычки.
4, Хорошие наушники купил не жалею. Микрофон просто прекрасный. Звук отличный. В общем доволен. Единственный минус - у регулятора громкости ход слишком большой. Приходиться долго прокручивать если нужно снизить громкость. Переваги: Хороший звук Хороший микрофон Стильный дизайн Недоліки: Большой ход регулятора громкости
5, Наушники классные, звук отличный во всех режимах, микрофон отличный, чувствительность хорошая, кричать не надо, удобно то, что гибкий микрофон. Переваги: отличная эргономика, дизайн, лёгкие. Недоліки: единственное нарекание на сборку, а точнее пультик-собран не качественно(внутри него пережимаются провода, один оголённый.При включении нагревается, но после того как пере уложил проводки перестал.После пяти минут работы перестаёт работать два цвета индикатора эквалайзера на пульте, но спустя какое-то время работает всё как надо), но возможно это только мне такие попались, но для такой цену могли бы получше собирать.
4, Користуюсь 2 дні. Як на мене досить непогані навушники. З плюсів привабливий дизайн, гарна збірка і достатньо хороший звук. Але є речі які мені не подобаються. Перше що не сподобалось це регулятор гучності. Розумію, що розробники хотіли добитися точного налаштування звуку. Але на практиці це зовсім неприйнятно так довго крутити то коліщатко...звук зростає дуже повільно. До плюсів і відразу до мінусів можна віднести те, що після 1-1,5 год гри треба дати відпочити вухам, знявши навушники піти подихати свіжим повітрям, бо відчувається певний дискомфорт. Оскільки зараз спека, то вуха ще й потіють в амбушурах, ось така плата за хорошу звукоізоляцію. І ще є претензії відносно ПО. Звук, як вже говорив доволі непоганий. Для людей які користувались перед тим дешевими навушниками звук просто бомба. Якщо говорити про стандартний режим 2.0, то він є універсальним по суті і міг з легкістю б замінити всі 3 режими. В музиці звук справді класний, насичений. Головне правильно підібрати еквалайзер, в залежності від ваших вподобань. Слухати музику одне задоволення. Але, давайте не забувати що виробник позиціонує цю гарнітуру як ігрову. Так от, режим gaming 360 це просто маркетинг. Грав в CS:GO так от всі звуки в грі спотворюються, інколи їх зовсім неможливо слухати. Не знаю, чим вони керувались коли створювали пресети для еквалайзера в цьому режимі. Є реально один режим в якому гарно чути кроки. Якщо його трішки поправити то можна знайти золоту середину між тим щоб далі чути де знаходиться противник і звуки не "різали" вухо. Чому цього не можна було зробити по замовчуванню я не розумію. Про 7,1 можна сказати ну так, він є і софтверний. Відчувається певний об'єм, але це скоріш для розваги. Мікрофон якісний, співрозмовникам подобається. Є можливість змінювати тональність голосу. Я в ніякому разі не говорю що навушники погані. Ні, просто вирішив зупинитися на тих аспектах, які можна було виправити відразу. Тож покупкою я все ж задоволений. Р. S. З девайсами на Android через usb-otg гарнітура працювати не буде.
3, наушники хорошие, но отстой... Племянник дал посмотреть - пропал звук на одном ухе (эпизодично появляеся, если сгибать кабель возле входа в наушники) и сигнал от микрофона...только похрюкивание при постукивании. И это всё после трёх недель эксплуатации в домаших условиях. При более детальном анализе оказалось, что банально переломались три провода из восьми в кабеле прямо в месте входа в корпус наушников. И, наверное, чтобы небыло соблазна ремонтировать вышедшие из строя наушники, а в случае выхода из строя сразу покупали новые, производитель додумался кроме обычных винтиков с крестовым шлицом запихнуть парочку со шлицом под звёздочку (или, просто, чисто для себя - поржать) Переваги: Пока работают - можно пользоваться Недоліки: Если поломались - то не работают (нужно перепаивать входной кабель каждые три недели?)
5, Спасибо за быструю доставку, и качественный товар. Звук хороший, фильм, музыка. Сидят отлично, не давят. Единственный вопрос регулятор громкости должен прокручиваться беспредельно?) Переваги: хороший звук, удобны Недоліки: пока не обнаружено
5, Лучше пока у меня не было. Переваги: Удобные, хороший звук, сборка на высоте, никаких изъянов, регулируются даже на голову гиганта оденутся, микрофон отличный 2 канала запись без всяких настроек. Недоліки: Регулятор громкости странно пахнет :D
5, Искал сей девайс по всему миру , нашёл - только у вас. Рекомендую всем! Переваги: -Отличное качество звука. -Куча настроечек и т.д. -Отличная работа менеджеров. Недоліки: -Нету!
3, Вещь качественная, но обремененная ненужными функциями. Встроенная звуковуха и ЮСБ порт доставляют больше проблем, чем пользы. Переваги: Неплохой звук. Хорошее качество микрофона (можно использовать не выдвигая). На первый взгляд качественная сборка с крепким шнуром. Шнур, кстати, довольно длинный. Недоліки: Уши сидят довольно туго, давят сверху и по-бокам, так и хочется снять их. Все эти режимы 7.1, гейминг и т.д -- это все полный фарс. Никакой практической пользы от них нет, просто маркетинговый ход. Очень медленное колесо громкости и регулирует оно не громкость самих наушников, а громкость Виндовс. Встроенная звуковуха перекрывает настройки звуковой карты компа, что не позволяет использовать некоторые полюбившиеся функции.
5, Супер Навушники! Переваги: Качество звука на высоте 3 режима. Недоліки: Нету :)
5, Наушники просто улет! До этого пользовался наушниками KOSS UR-20. Естественно разница заметная. Переваги: Качество звука на высоте. 3 режима прослушивания: Геймерский, Музыка и 7.1 (пока не разобрался для чего он). Качественно и надежно обмотан провод. Пульт с переключением режимов и регулировкой громкости, вкл./выкл. микрофон. Красивый дизайн. Недоліки: После первых 3 часиков использования немного побаливают уши, но я думаю, это дело привычки.
5, Наушники просто божественны, микрофон звук, комфорт стиль, все на высшем уровне. Покупкой доволен и рекомендую всем. Переваги: Их много, скажу вкратце, многофункциональны (много различны настроек с помощью которых можно идеально настроить эти наушники под себя), очень комфортны, не давят на голову, качественная конструкция, отличный звук и микрофон, очень красиво выглядят ну и всего понемногу. Недоліки: Пока что не было замечено.
5, Купил! Наушники просто очень понравились! Продуманная,комфортная конструкция,удобные,практичные и качественные! Переваги: Я бы сказал универсальные - звук в играх,в кино и музыке на 5+ До этого были KOSS UR-20 Рекомендую к покупке-будите довольны!!! Недоліки: За эту сумму и качество - претензий к наушникам НЕТ
4, Отличные наушники. О покупке не жалею. Переваги: -Отличный софт для наушников, можно все подобрать по своему вкусу, под свой стиль. -Режимы RADAR 360 gaming, 2.0 stereo, Surround 7.1 - отлично подходят как для игр, музыки и для просмотра кино. -Дизайн наушников, легкие, уши не болят. Даже с подсветкой, и можно менять цвет на пульте (Красный, желтый, синий, зеленый, сереневый). Мелочь а приятно. Недоліки: Единственный огромный минус: -Качество микрофона, желает быть лучшего.
5, http://youtu.be/iGB6fy8HksM Bloody G501 Просто офигенные уши. Все четко, классно, слышно, позиционирование на высшем уровне, очень качественные материалы, все хорошо собрано просидел у них целый день на мои уши не давят совсем! Режим RADAR 360 GAMING это нечто, а вот режим 7.1 только для фильмов годиться, микрофон шикарен!. Вообщем очень доволен покупкой!
5, Отличная гарнитура, качественные предустановки. Слушаю и наслаждаюсь. Раньше, чтобы раскрыть все частоты музыки приходилось включать домашний кинотеатр на достаточно большую громкость, теперь достаточно включить гарнитуру, выбрать пресет и насладиться музыкой или спецэфектами. Как по мне - то все очень правильно продумано (настройки 7.1, стерео, игра). Переваги: неплохая шумоизоляция, гибкая настройка пресетов через софт, хорошо садятся на голову благодаря подвижным "ушам", голову или ушные раковины не давят, красивый внешний вид, понятные настройки (смена пресетов интуитивно понятная и удобная). Режим "игра" в полной мере еще не оценил. Недоліки: Пока не обнаружил. Жене не совсем нравится их вес, но в остальном полностью довольна! После первой установки и настройки софта не забудьте перегрузить комп (а то не регулируется громкость звука).
