5, Купил себе такие наушники, но не в Розетке, о чем очень жалею. Переплатил больше, чем в 1, 5 раза. Хотел именно Панасоники, т.к. раньше уже были у меня наушники этой марки. Отслужили верой и правдой около 4 лет, пока их случайно не раздавили. Что касается этой модели - берите, не пожалеете. Звук отличный, очень удобные ( в ушах практически не ощущаются). Динамики овальные - за счет этого резинки не вылетают. Эстетично сидят в ушах)
5, Идеальное соотношение цена/качество. Работают уже более года, использую каждый день в разных условиях. Радует, что не перетерся шнур. Рекомендую к покупке, если хотите получить хорошие наушники за небольшие деньги. Единственный недостаток - отсутствие микрофона. Я пользуюсь наушниками только для прослушивания музыки, поэтому этот минус меня не беспокоит. Переваги: Цена, цвет, качество, звук Недоліки: Отсутсвуют
5, Хорошее качество звука, басы очень хорошие, всё нравится
4, Второй раз их беру, свои деньги отрабатывают на 100%
5, всем кто любит мощные басы и громко,не мешая другим-советую! Переваги: все хорошо:звук+удобство +полная изоляция от внешнего мира=цена! Недоліки: пока не обнаружил
4, Мне очень повезло. Купил с купоном по скидке. Считайте сэкономил на доставке. Наушники хорошие для своей стоимости. Понятно если ты перешел с дорогих то звук очень будет отличаться. Не знаю плюс это или минус но в этих наушниках сильный бас. Громче чем в других. Но я уже привык. Вообщем поставлю твердую четверку.
4, если включить громкость хотя бы на процентов 70, уши захотят свернуться от качества воспроизводимой музыки, в частности от басов Переваги: для такого качества хорошая цена Недоліки: плохие басы и тонкие провода
5, Для своей цены просто прекрасные наушники. Сидят прекрасно. Г-образный штекер с хорошей защитой от перегиба. Лучше дешевых затычек пока не видел. Переваги: Звук, удобство использования, штекер Недоліки: Достаточно дешевый внешний вид
5, Купил в прошлом январе после новогодних праздников. Они до сих пор живы - вот лучшая характеристика, хотя иногда в них и засыпаю, и в транспорте, и просто на шее подключенные к мобилке в кармане весь день. Хотя пару месяцев назад начал временами репеть правый наушник. Переваги: Живучие
5, Это мой второй уже выбор данных наушников. Первые прослужили 3 года. Как их только не скручивал, чего они только не видели - браво. Если ищите недорогие и те, что прослужат вам долго - это идеальный вариант. В ушах лежат надежно, - прыгай, крути головой на 360 градусов - не выпадут даже с самых капризных ушей. В плане звучания, - как для бюджетных наушников очень даже приемлемо! В метро шум покрывают на ура, именно этот фактор для меня был очень важный, как и не выпадания из ушей. Тонкий шнур? А смысл им быть толстым? 3 года мои первые прослужили, и хочу сказать - они до сих пор живы, несмотря на то что таки провод немного переломался, но они играют. Взял новые, т.к. решил перестраховаться в случае окончательной кончины. Зато теперь на природу, на гульки можно брать старые. Берите, не пожалеете. Переваги: звук, простота, надежность Недоліки: как для меня - их нет
5, Самая удобная и практичная модель. Это уже третья пара купленная в розетке. Работают в среднем по пару лет при условиях небрежного использования) Переваги: Удобный размер и цена.
5, За свою ціну,хороший звук,до цього були Sony mdr 15, у порівнянні звук приблизно схожий,тількі у Panasonic гучність більша. Переваги: Звук Недоліки: Поки не виявлено.
5, Уже второй раз покупала мужу. За такие деньги очень даже хорошие наушники. Переваги: Хороший звук Недоліки: Тоненькие проводки
5, по цене - норм Переваги: приятный звук Недоліки: тонкий шнур
4, Не плохое звучание, но лично по мне Sony MDR-EX15LP лучше! Звук чище, басс насыщеней! Были соньки, часто падали, работать перестали, решил купить эти (Panasonic RP-HJE125E-A), после получения заказал снова Sony MDR-EX15LP....
5, Хороший вариант для бюджетных наушников. Переваги: Цена, Звук Недоліки: нету
3, Почитал восторженные отзывы и решил приобрести. Звук тихий, качество среднее. Разочарован. Вот так. Переваги: Нет Недоліки: Тихие
3, Звук слабоват,провода как ниточки.
4, Наушники отличные. Качество звука приемлемое. Покупкой доволен. Переваги: Качество, цена Недоліки: тонкий провод
5, Сколько наушников не перепробовала, а снова вернулась к панасоник (прошлые потеряла). Переваги: Отличное качество за такие деньги. Недоліки: Нет.
5, В этой ценовой категории, лучшие! Переваги: качество Недоліки: нет
4, Рекомендую! По такой цене - отличное качество! Переваги: Удобно вкладываются в уши, не выпадают. Хороший звук! Все нравится. Не пожалела что заказала именно эти! Недоліки: нет.
5, Не очікував, що навушники ідеально прослужать 2 роки
5, Есть с чем сравнить: играют на уровне Xiaomi Mi Quantie Hybrid PRO, даже мне больше нравятся Panasonic, но у всех разный слух и предпочтения в частотах. С сегодняшнего дня Xiaomi лежат как запасные. Очень удобные, легкие. Звук отличный. Жаль, что не знал за них когда покупал в свое время: sennheiser mx 365, 375 (думал вакуумные будут неудобными), но купив гибриды понял, что есть и удобные модели, тем более еще удобнее эти легкие и бассавитые гиганты. Очень рад покупке и рекомендую у кого бюджет до ~600грн- не переплачивайте, как делал раньше я. Переваги: много Недоліки: если учитывать цену- нет
5, Використовую 2 місяці, без нарікань. Придбанням задоволений! Переваги: Ціна, якість Недоліки: За таку ціну їх не має, хіба трохи короткий провід, як для мене
5, Прослужили более двух лет, но к сожалению, потеряла свои. Беру снова. Переваги: Звук вполне сносный для наушников по этой цене. Не для искушенных меломанов. Недоліки: -
4, В целом наушники хорошие, звук за свои деньги отличный! Переваги: Цена, качество Недоліки: Тонкий провод
5, За такие деньги оптимальный выбор. Переваги: Отличные наушники,берите не пожалеете!!! Недоліки: Пока нет.
5, несподівано гарний звук. Переваги: звук, зручно вухам. Недоліки: жодних
5, Сегодня получил свои наушники)Очень доволен покупкой ,громкие,басс есть,чистый звук! Переваги: Г ,образный штекер,громкие,удобные! Недоліки: Не обнаружено!
5, Купил 3 пары, очень доволен. Переваги: Звук, размещение в ушной раковине, сменные резиновые насадки, легко распутать.
5, на свою цену хорошие наушники, чистый звук, удобно держатся в ушах. Переваги: качество, цена, штекер Г - образный Недоліки: пока не обнаружил
5, Я пользуюсь этими наушниками уже лет 5. За это время поменял где-то 4-5 пар. Это самое достойное что я слушал, за такую цену. Переваги: Эргономика, звук, качество Недоліки: Не обнаружил
5, Супер, рекомендую. Переваги: Удобно фиксируются, не доставляют дискомфорта, хороший звук. Недоліки: -
5, Эти уши реально хорошие! Обычно у меня ламаются за месяц, а до сих пор работают. (Покупал в феврале)
5, Закал,дошли за два... Качество хорошее.Штекер в виде L. Переваги: За такие деньги отлично Недоліки: Пока не нашёл
5, Первые наушники от panasonic прослужили почти два года и я остался очень доволен, т.к. предыдущие и за пару месяцев ломались без проблем. Решил взять похожую модель (эту) и снова остался доволен, живут уже 9 месяцев. Для своей цены они удивительно надёжные, а звук чистый. Жертвует лишь громкостью этого самого звука, но можно подкрутить программно. Переваги: Цена, надёжность, качество звука, удобство Недоліки: Средняя громкость
5, Хорошие наушники, беру уже 3 раз, держаться 1,5-2 года. Переваги: Хорошее звучание и качество Недоліки: Нет
5, Купил себе пару наушников двух цветов и посоветовал всем своим знакомым. Все купившие остались довольны. Переваги: Лучшие наушники в своём сегменте. Сверхкрепкие, отличное звучание. Недоліки: Ни одного.
4, На СВОЮ ЦЕНУ наушники хорошие! Переваги: Цена, эргономика, чистый звук. Недоліки: Слабый бас, максимальная громкость могла бы быть и повыше.
5, Довольно хороши и удобные за свою цену,звук устраивает,прожили где-то год что очень много Переваги: Удобная форма, звук, довольно крепкие Недоліки: Не нашел
5, Пользуюсь пол-года, за такую цену лучших затычек, пожалуй, не найти. При бережном обращении прослужат годы, радуя уши ежедневно. Переваги: Звучание дорогих наушников затычек Недоліки: На всех не хватит :)
5, Только приобрёл,звук отличный.При хорошем плеере на смартфоне(а подобрал его с 3 раза)не жалею что приобрёл именно эти уши.Звук мощный и четкий для такой цены.Спасибо. Переваги: Хороший звук Недоліки: Короткий шнур
5, Отличные наушники за такую цену! Переваги: Хорошее качество материалов Хорошее звучание Скромная цена Недоліки: нет
5, Хороші вуха. Ндоліком можна вважати хіба що відсутність кнопки, але її тут бути і не мало, тому на оціку не впливає) Переваги: Зручні, якісний звук, форма штекера,
5, Хорошие наушники
5, Скажите, пожалуйста, чем отличается Вайлет от Пурпл? на фото цвет у товара одинаковый...
5, Прекрасні по відношенню "ціна-якість". В експлуатації 5 місяців без нарікань. Рекомендую. Переваги: зручно сидять у вухах та надійні
3, Для любителей клубняка, сабвуферов и низкого баса - на них недостаточно глубокий бас . Ниже 50 Гц качество баса заметно падает. По сравнением с Koss The plug - бас хуже процентов на 35%. Нету того объема .. Гитара, струнные , вокал - очень четко и звонко ., при чем не раздражающе (как на самых дешевых китайских за 50 грн). Вполне хороший звук на средних. Для тех кто не ходил в музыкальную школу - нормальные наушники :) Переваги: низкая цена, хорошо сидят в ухе, хорошо звучит акустика (гитаристам сойдет) Недоліки: клацанье в динамиках при ходьбе из за шатания провода в середине корпуса , нету глубокого объемного низкого баса
5, брал специально для пробежек, т.к. предполагалось, что не будут вылетать из ушей благодаря форме. так и случилось - сидят отлично даже во время бега. звук чудесный. PS. потерял, закажу такие же :) Переваги: удобно сидят, прекрасный звук Недоліки: нет
5, Перед этими были Panasonic RP-HJE118, был ими очень доволен, но к сожалению потерял, решил попробовать эти, первый раз как включил, был в шоке! чуть дороже за RP-HJE118, но звучат намного лучше, мощный бас,не перебивающий всю картину, хорошие средние частоты, и отличные высокие...Достаточно громкие, даже на бюджетном смартфоне.Советую всем, звучат очень качественно, на негативные комментарии, в данном случае советую не обращать внимание, потому как "Меломаны, слушают музыку, а аудиофилы, фон между треками..." Также хочу выразить свою благодарность фирме Panasonic, за качественную продукцию, и магазину Розетке, за отличное обслуживание. Переваги: Громкие, хороший бас, цена Недоліки: не обнаружил
4, простые по звучанию наушники. Ничего выдающегося, но и ничего ужасного. Сравниваю с косс порта про.. Но цена на косс уже кусается. вполне нормальные наушники Переваги: приемлемая цена. удобно сидит в ушах Недоліки: не порта про...
5, Уже пишу второй отзыв. Вообщем, для даной модели нужен разнос. Супер звука сразу вы конечно же не услышите, звук будет казаться суховат, мало баса, много вч, ещё зависит от амбюшур. Спустя время вы не пожалеете о своём выборе, басы реально валят. Lenovo A6000 раскрывает их потенциал с верхом, Dolby делает своё дело. Как музыкант и заядлый меломан, категорически советую! Переваги: Насыщенный бас, широкий частотный диапазон, звук, универсальность. Недоліки: Как и раньше - их нет!
5, Купил такие пару лет назад, потом потерял, теперь снова купил их же. За свои деньги - идеальны Переваги: Звук, качество Недоліки: Когда провод шевелится, в наушнике можно услышать шуршание
4, Наушники хорошие за свою цену,подойдут для любых уш,так как в комплекте имеется 2 запасных.К этим наушникам ещё заказал чехол,так как в кармане заплитаются. Вобщем,если кто-то хочет хорошие наушники за адекватную цену,смело берите! Переваги: Цена/Качество Недоліки: Тонкий шнур
4, Звук хороший. Сын носил 3 месяца. Перестал работать один динамик. Купил такие же - срок службы три недели. Или мой мальчик "талантливый" или надежность изделия не большая. :(
4, Довольно хорошие наушники, но первые впечатления были не очень, т.к со средними амбюшурами наушники звучат просто никак, баса никакого, а сплошные высокие частоты(для рок музыки видно). С большими всё ок. Но средних частот немного не хватает. Переваги: Звук, звукоизоляция Недоліки: Не обнаружено
5, за свои деньги вполне приличные наушники. удобно сидят в ушах. пользуюсь уже полгода, ничего нигде не ломалось\не рвалось. мне нравятся. Переваги: прочные, удобные, недорогие
5, Всем, привет! Хочу оставиить свой отзыв о наушниках марки Panasonic, т.к. неравнодушен к изделиям этой компании. Прочитал много отзывов, как говорится - сколько людей, столько мнений. Кому то не хватает низких, кому то высоких, кому то шнур тонкий, кому то пластик плохой. Все это сполна окупается ценой и живучестью этих и им подобных наушников этой фирмы. Вот уже много лет я пользуюсь наушниками Panasonic, пытаясь иногда найти им альтернативу. Пока тщетно. Все что я покупал, а перепробывал я не мало, служило максимум 2-3 месяца, в то время как панасоньки минимум 3 года, их у меня было трое, все разные, в их числе была и эта модель. Можно много всего написать и долго спорить о проводе, пластике, дизайне, звучании, хотя на мой взгляд с этим полный порядок и придраться можно ко всему при желании, тот факт что они отслужат Вам верой и правдой долгое время, уже есть основанием для приобретения этих наушников. Выбирать Вам, а для меня пока нет им альтернативы. Переваги: Долговечность, практичность, относительно качественный звук, комфортность, дизайн.Плюс, что немаловажно - не выпадают из ушей при ходьбе. Недоліки: Отсутствуют
5, Наушниками довольна, свою функцию выполняют Переваги: Миниатюрность, хороший звук Недоліки: нет
4, Користуюсь такими навушниками майже 4 місяці. Якість звуку дуже хороша, особливо враховуючи ціну. Помітив один недолік - при згинанні шнура біля основи звук стає тихішим або пропадає зовсім. Переваги: Ціна, якість звучання, довгий провід Недоліки: При згинанні шнура біля основи пропадає звук
5, За такие деньги я еще не покупал настолько обалденные наушники с таким качеством звучания. Не жалейте деньги и покупайте . Теперь буду советать всем Переваги: Отличный звук за такие деньги !!!!!!!!!!!!! Недоліки: Пока не вижу
5, Наушники у меня не ломались несколько лет, купила новые только из за того, что потеряла старые. Советую! Переваги: цена, долго служат, хороший звук
4, Купила подруге на день рождение. Не может нарадоваться, сама очень часто ими пользуюсь. Наушники действительно очень хорошие. Переваги: удобные, отличный звук Недоліки: они идеальны
2, Взял на замену бестселлера Genius HP2 Live , которые уже давно не выпускают . Увы , но гениусы , даже спустя 2 года ежедневного использования звучат гораздо лучше этих новых . Переваги: Относительно чистый звук, Цена Недоліки: Почти отсутствуют басы
5, хорошие наушники, отлично сидят в ухе Переваги: звук очень не плохой Недоліки: тонковатый провод
4, Рекомендую Переваги: цена/качество Недоліки: тонкий провод
5, Покупкой доволен , цена=качество . Басовитые )) Спасибо !!! Переваги: Удобные , звучат для своей цены очень даже хорошо Недоліки: Нет
5, живут 3 года и все отлично. Переваги: отличные Недоліки: нету
3, Якщо Koss porta pro - це 10 балів, а дешеві наушники з базару - 1, то ця модель десь 5 балів. По зручності досить непогані, по якості звуку - звичайний звук, слухати можна, якщо є еквалайзер на девайсі - можна трохи підналаштувати частоти під себе, але про якісь баси або супер чистий звук говорити не доводиться, нажаль. Переваги: відношення ціна-якість Недоліки: Якість звуку могла б бути трохи краще
5, Купила себе такие наушники год назад , звук отличный , но вот спустя год перестал работать один наушник , думаю заказать себе еще раз такие ,очень порадовали) Переваги: хороший звук, удобные Недоліки: нет
5, Живучие без модернизации прожили 2 года Переваги: Звук
4, 10мая2017 Не знаю как 190е,но 125е очень хороши!Заявленный деапозон,думаю отрабатывают. На вид хлипенькие,но сделаны качественно!Звук очень хороший!!!p.s.ROZETKA Молодцы!Очень быстро сработали! Переваги: ЗВУК! Недоліки: Пока нет.
5, Отличные наушники по бюджетной цене, пользуюсь более месяца, очень нравятся, рекомендую к покупке Переваги: Надежность, удобство в носке, не спадают, звук качественный, отдает басы, со всеми частотами норм Недоліки: Быстрее чем в остальных начали засорятся защитные сетки
5, Покупаю уже второй раз. Живут долго - пользуюсь каждый день и первой пары хватило на 2 года. Звук очень приятный. Если вы не заядлый меломан, и вам нужны просто нормальные наушники, чтобы слушать музыку в транспорте, то это отличный вариант! Советую! :) Переваги: Приятная цена, звук, живучие, лучшее соотношение цена-качество Недоліки: Нет
4, звук бомба, в порівнянні з усіма попередніми навушниками цієї категорії які в мене були. сподіваюся проживуть навушники довго Переваги: звук Недоліки: пока нету
5, Міцні,гарно звучать. Переваги: За такі гроші кращих не знайдете
1, Покупаю второй раз эти же наушники и снова сломались. Крайне не советую покупать, не доволен. Тем более цена себя абсолютно не оправдывает. Переваги: Нет Недоліки: Ломается через 2-3 месяца левое ухо.
1, никогда не покупайте эти наушники! Недоліки: звук очень плоский, не приятно музыку слушать
5, Мав такі 2 роки поки не загубив, купив такі ж самі Переваги: Якість звуку, ціна, надійність Недоліки: Немає
5, Получил наушники, все ровно, басят порядочно, за такие деньги грех жаловаться Переваги: Цена, качество Недоліки: Нет
3, Перепробовал массу недорогих наушников. Все кроме RP-HJE118 жили не больше 6 месяцев, последние прожили 4 года суперинтенсивного использования (и живы до сих пор - просто жутко выглядят))) Решил взять 125е, т.к. уж очень о них хорошие отзывы. К сервису Розетки притензий нет - доставили быстрою. Но сразу после распаковки оказалось, что уши попались бракованные - выдают гул какой-то, перепробывал на всех источниках звука -та же картина. Первый раз брак по ушам попался... Причем, заметил, что если слегка сжать штекер пальцами - звук появляется - видимо брак самого штекера. Вообщем, мелочь, но настроеньеце подпортило... Наверное, возьму таки 118е...((( Переваги: Отличное качество звука за низкую цену Недоліки: Попался брак.
4, Купил, за такую цену качеством доволен. Собрано крепко, ничего внутри не болтается. В шумной обстановке на улице могут показаться недостаточно громкими или басистыми, но и сам проигрыватель должен быть не худшего качества. На высокой громкости никакого шипения или других лишних звуков. Для использования в помещении идеально. Думаю, что при активном использовании долго шнур не проживет, сразу намотал немного изоленты, чтоб не сильно гнулось у штекера. Больше никаких нареканий нет. Переваги: Бас, шумоизоляция, удобная форма для уха, 3.5 под 90 градусов Недоліки: Хлипкий шнур
1, Купил супруге наушники для телефона Xiaomi redmi note 3 pro. Телефон отказался их видеть в принципе. Манипуляции ни с софтом, ни со штекером результата не дали. Вычитал, что проблема может быть с распиновкой джека. Другие телефоны их видят, звук на 3 из 5. Цвет не желтый, а весьма себе оливковый - не очень понравился. К розетке претензий нет, от себя все сделали хорошо. Переваги: Цена, средний звук. Недоліки: Цвет, несовместимость с нужным телефоном.
5, На моё мнение - Лучшие из 3 Популярных вкладышей (Sony,Phillips) по этой цене. Были все в пользовании (Продержались меньше года), но эта модель выигрывает по проводу. Использую более 2 лет Переваги: Звук (Особенно Средние), Удобство, Г-образный штекер, Провод Недоліки: Провод не дружит с низкой Температурой
4, Хорошие наушники за свою цену. Качество звучания устраивает. Пользуюсь двумя парами наушников, замечаний к обеим нет.
5, Купив сьогодні і не шкодую. Переваги: Хороший звук, баси, якісно зроблені. Недоліки: Не замітив
4, Навушники дуже приємні і звук хороший, але мені не вистачало прищепочки для кріплення на одяг. Окрім того тонкий кабель замерзає на морозі, тому носити бажано тільки під верхнім одягом. Переваги: Стильні, компактні, легкі, якісний звук Недоліки: Тонкий провод
5, Отличные наушники, прекрасно издают бас. Переваги: Отличный бас Недоліки: Нету
5, Лучшие наушники в своей ценовой категории Переваги: достаточно качественный звук, особенно если в плеере поиграть с EQ Недоліки: тонкий провод
5, Купив біля року назад. Навушники супер. Надійні дрооти брати рекоиендую Переваги: Дроти штерер Недоліки: Нема
5, Довольны. Переваги: Отличный звук. Хорошо держатся. Недоліки: _
5, Звук хороший, на низах неплохо. Благодаря Г-образному штекеру долговечные и контакты не отходят. За такую цену отличный выбор. Переваги: Отличные наушники за такие деньги
5, Очень доволен абсолютно всем. Доволен на столько, что пишу отзыв второй раз! Первый раз отметил эргономичность дизайна и довольно хороший звук. Прошел год и я смело могу сказать, что это невероятно надежные наушники!!! До этого у меня ни одни не выживали более месяца. Этим год!!! Год активного ежедневного использования. Очень-очень доволен! На столько, что куплю еще одни пока модель есть в продаже, на всякий случай (только другого цвета, для разнообразия). Переваги: Надежность Недоліки: Не обнаружены
5, Мои предыдущие наушники из этой же серии украли, которые я использовала почти два года. Решила заказать новые. Они практичные и удобные для ушей, перманентная структура без поломок, чистый звук. Спасибо с: Переваги: Качественный звук, удобно крепятся в ушной раковине, долговечные Недоліки: При температуре ниже нуля градусов по Цельсию становятся закоченелыми
5, Хороші навушники звук класний. Переваги: Звук.Ціна.Добре сидять.Не випадають. Недоліки: Шнур
5, Понравились, очень даже ничего, всем советую)))))))))))) Переваги: Отличный звук, компактность, не выпадают))
5, Покупал 14.03.17. Пользуюсь и абсолютно всем доволен, порадовало то, что есть три пары вакуум. Вообщем все отлично, всем доволен, посмотрю сколько протянут) Рекомендую эти наушники. Супер)) Переваги: Удобные, громкие, четко звучат, прекрасный Bass Недоліки: Нету.
5, В целом, за такую цену покупкой доволен Переваги: Удобно сидят в ушах, насадки, звук Недоліки: провод тонкий, зимой не поносишь
5, отличные наушники, не пожалела, что купила) пользуюсь уже полгода, недостатков не обнаружила Переваги: звук, качество, цена Недоліки: нет
4, Заказал наушники, забрал их новой почте через 4-5 дней, кажется. Не сильно быстро конечно, ну потерпеть можно. Что касается самого качества. Я бы поставил 4. Объясню почему. Просто ужасные амбушюры, стерлись за 1 месяц двое пар. В итоги просто взял от старых. Во-третьих, была акция помню ,что есть возможность выиграть вторые бесплатные наушники, если купив определенные товары с этой акции. Я конечно ни на что не надеялся. Просто есть много знакомых, которые заказывали товары с той же акции (4 знакомых, в том числе и я) никто так и не получил те наушники) Ну это понятно, просто зачем тогда было ее делать?). Это конечно несущественные минусы, может, просто придирчив. А так в целом, звук нормальный, не фантастика конечно, но за свои деньги, очень даже хорошие. Хорошим плюсом также то, что при беге не выпадают. Г-образный штекер тоже порадовал. В общем, твердая четверочка. Переваги: нормальный звук, г-образный штекер. Недоліки: амбушюры уж очень плохие за 1 месяц поменял две их позиции и в итоги поставил от старых.
5, хорошие наушники Недоліки: нет
5, Понравилось что внутри стоит сетка, а не акустический паралон или ткань. До них взял Сони в такой же ценовой категории через два дня вернул, сел левый наушник, спасибо Розетке за быстрый возврат денег сразу взял эти. Переваги: За свою цену очень приличный звук Недоліки: Можно бы было провод круглый сделать, а так в общем их нет
4, В принципе самые обычные наушники, ничего особенно "вау" сказать о них не могу, но за свою цену они звучат вполне прилично, в ухе сидят плотно, уши при этом не устают. Конструкция наушников очень даже. Увы, спустя год после покупки отказало левое ухо. Это можно было бы отнести к минусам, но у меня ни одни наушники не пережили своего двухлетия, а данная модель на одном ухе работает до сих пор. Уже больше двух лет! Переваги: Удобство, живучесть Недоліки: Тонкий провод на морозе превращается в спицы, поэтому зимой его легко переломать...
5, Роботают больше года рекомендую) Переваги: Качество,звук,удобность Недоліки: Их нет
5, Пользуюсь уже как 3 года, за все время не было ни каких проблем со звуком, проводом, если есть сомнения по поводу его тонкости - можете не париться, все прекрасно, нет никаких замечаний, хотя эти уши прошли многое за это время. В общем советую всем кто не хочет тратиться или у кого ограниченный бюджет но при этом хочется качественное звучание, вот эти пушки Переваги: Звучание за свои деньги Долговечность Недоліки: Не обнаружил
5, Отличные наушники по такой цене.
5, Купую ці навушники уже в 3-тє, дуже задоволена, скарг на звук та тонкі провода немає. Чудова річ за таку низьку ціну. Переваги: Низька ціна, хороший звук Недоліки: Відсутні
5, Покупал не здесь, а в другом магазине электроники. Вот увидел их тут и решил написать положительный отзыв. Служат уже 3 года, как-никак. У меня это уже вторые такой модели, первые спустя год использования потерял. Одни из самых удобных наушников которые я примеривал. Конечно, тонкий провод немного смущает, однако он не такой хлипкий каким кажется. В общем, берите - не пожалеете! Переваги: Звук, надежность, удобство Недоліки: Тонкий провод
4, Користуюсь 6 місяців дуже задоволений тому купував ще для свого брата він теж в захваті! Переваги: Якість і ціна на високомму рівні Недоліки: незнащов
5, Подскажите какие же лучше брать 125 или 118?
5, За свою цену отличные наушники. Особенно если эквалайзер настроен то просто бомба. 2 пары брал и отлично. Правда на днях взял 3ю пару и мне кажется что левый наушник немножко тише. Мелочь, но неприятно. Переваги: Хороший звук. Высокий и низкие отличные Недоліки: Чуть не хватает средних, но за такую цену думаю это все решается. И в последней партии левый наушник чуть тише
5, Слушал у знакомого пол года назад - очень понравились, тот экземпляр что приехал ко мне, походу, хуже играет. Пробовал и те, и свои на моём телефоне, ну может мне кажется. Переваги: Звук, цена
3, На samsung g531h так себе играют Переваги: Нормально играют.. 6/10 Недоліки: Тонкий кабель, запутывается
5, Сьогодні отримала , дуже сподобались , чіткий звук , баси відчуваються чудова)))) Переваги: Ціна.Якість Недоліки: Незнайшла
4, В целом за свою цену даже нет на что жаловаться. Переваги: Лучшее по качеству за свою цену Недоліки: Тонкий кабель
5, Суперррррррр Переваги: Все очень понравилось,наушники хорошие,уже вторые такие,прошлые 5 лет отходили))) Недоліки: Их просто нету!!!
5, за такие деньги просто супер Переваги: отличный звук,удобные в ушах
4, Отличные наушники за свою цену.Кто ищет басов-тут их в достатке,но и для других типов музыки они отлично подойдут. Понятно,что если вы слушали Коссы за пару тысяч,то звук вам покажется посредственным,но если вы не особо придирчивы-то это один из лучших вариантов за эти деньги.Рекомендую! Переваги: Достойный звук,удобно сидят в ушах,не выпадают,комплекты сменных амбушюр,неплохой дизайн,Г-образный штекер. Недоліки: Сомнительный провод,на вид хлипковат,юзать с осторожностью. Отсутствие гарнитуры(придирка).
3, Купил наушники для телефона. По звуку более менее нормальные. При движении слышен скрип самих наушников. За эти деньги вряд ли есть лучшее качество. Изначально не возлагал на них больших надежд. Переваги: Дешевые Недоліки: При движении слышен скрип самих наушников.
4, Наушникам пол месяца, пока все хорошо, посмотрим сколько прослужат... Переваги: Довольно хорошее звучание, цена Недоліки: на вид не надежные провода
5, Порадовал звук, ранее никогда не пользовался затычками из-за сложности подобрать нужный размер. Здесь есть три типа вкладышей (очень удобно) также не мешают и не выпадают. Звук на достойном уровне, но не прям "бомба". Были раньше кос твинз, так не особо разница большая. Переваги: Очень компактные Недоліки: провод достаточно нежный, если вы относитесь к категории людей, которые таскают их в карманах и сумках "навалом", то вариант не для вас.
5, Покупаю эти наушники уже 2 раз) В них даже на подушке лежать можно, поменяв L и R местами. Переваги: Отличный звук, провод тонкий и прочный.
5, Рекомендую к покупке Переваги: Лучшие за свою цену, удобно сидят в ушах, хороший звук, большая палитра цветов Недоліки: Нету
3, За три дня значительно протерлись амбушюры, очень сомнительные оказались
5, Все прекрасно!
5, Звук хороший.
5, Прекрасный звук! Получил сегодня. Про другие аспекты пока говорить не могу, будем видеть. Недоліки: Немного дубовый провод, о может быть это от того, что наушники новые
5, Наушники - огонь! Купил их ровно 2 года назад, таскал повсюду с собой и часто использовал. Даже не треснул штекер и провода у наушников. До них все наушники у меня держались максимум 3 месяца. Если сломаются - однозначно куплю такие же наушники. Переваги: Надежные, долговечные, удобные, отличный звук, доступная цена Недоліки: Провод дубеет на морозе
5, Покупал месяц назад, наушники очень удобные, звучание просто на высоте! Идеальный выбор за такие деньги. Проводок конечно дубеет на морозе, закручивается но для меня это не таков большая проблема. Переваги: Г-образный штекер, хорошее звучание, уши от них не устают Недоліки: Пока не заметил
5, Покупаю в Розетке уже не первый год, всегда всё на высоком уровне. О наушниках отмечу, на моем xiaomi redmi note 3 pro звучат хорошо, до сяоиовских гибридов не дотягивают, но звук приличный, низов хватает, высокие не блещут, но слух не напрягает, средние умеренные. Переваги: Хорошее звучание, удобная посадка а ушах, лёгкие, г-образный штекер. Недоліки: Пока не выявил
5, Прекрасное звучание как для такой цены, потому слушать музыку и аудиокниги - одно удовольствие. Недорогие, удобные (благодаря форме), не выпадают из ушей. Три комплекта амбашюр. Тонкий и очень прочный провод - занимают мало места. Недоліки: Нет.
5, + Переваги: Хороший звук, удобно сидят(не выпадают), цена Недоліки: нет
3, #мояраспаковка Наушники имеют хорошее звучание (в своей ценовой категории), очень лёгкие, с приятными силиконовыми мягкими амбушюрами. Однако тонкий провод постоянно запутывается и уходит много времени на его распутывание, кроме того он очень хлипкий и ломкий (особенно в местах входа в корпуса наушников) одна пара таких Panas-ов по этой причине уже накрылась... Нет тактильной точки для определения одного из наушников, для быстрой ориентации особенно в условиях недостаточного освещения. Несмотря на недостатки, моё мнение: своих денег стоят. Их главный козырь: соотношение качество звука/цена. #мояраспаковка
5, Відмінні навушники за свою ціну! Кращих, мабуть, не знайти. Чіткийзбалансований звук без "свистів" на високих частотах, і без "бочковості" на низьких. Трохи вправності у еквалайзері задля підвищення басів - і все. Користуватись - одне задоволення! Доволі міцна конструкція, користуюсь вже біля року. Ідеально сидять у вухах, не випадають. Respect Panasonic! Переваги: Відмінний збалансований звук, зручна ергономіка. Недоліки: відсутні
5, покупаю уже второй раз (потерял) лучшие наушники за свою цену. 2 года пользуюсь очень доволен Переваги: качество звука Недоліки: не заметил
5, Как ни странно, больше чем пол года юзаю и еще не сломались. Обычно другие уши уходят за пару месяцев Переваги: Прочность Недоліки: -
5, Наушники отличные, всем советую! )
5, Наушники более чем хорошие! Пришли за три дня. До этого были Синхайзеры. Разницы большой не услышал, только басы чуть менее глубокие. А так достойные уши. Переваги: Не дорогие. Качество дорогих наушников. Провод не путается. Недоліки: Их нет.
5, Отличный звук, отличная цена Переваги: цена, качество Недоліки: нет
5, Отличные наушники! Цена - качество! Переваги: Звучат хорошо! В ушах седят отлично! Недоліки: За такую цену? Их просто нет!
5, Користуюсь 2 місяці все ок. Переваги: Звук норм Недоліки: Тонкі проводки
5, Навушники хорошої якості,звук дуже чистий та потужний бас.Користуюся більше трьох років. рекомендую всім,не пожалієте.
5, только сегодня получил, комфортные наушники, качество зву чания отличное, некоторые песни словно впервые слушаю)) Переваги: L-образный jack, качество звучания, цена Недоліки: пока не обнаружены
5, Хочу відмітити головне в цих наушниках - Звук ( Він по своїй ціні просто шикарний ) Чистий Звук як і Бас. Всім рекомендую їх придбати не пожалкуєте. Сподобався дизайн,якість чудова,зручно сидять не відчуваються в усі. Переваги: Головна перевага в них повторюсь - Звук По своїй ціні хороша Якість Штекер Г-Образний що дає змогу не рватись відміно від прямого. Зручність у використанні. Недоліки: Поки що не знайшов )
5, Использую около года. Наушники очень порадовали своим звучанием, а также приятно удивили своей прочностью. Брал для смартфона Lenovo K3 Note, так вот качество звука и запас громкости отличный. Еще один большой плюс этих наушников в том, что несмотря на их ОЧЕНЬ тоненький провод они довольно прочные. Мне несколько раз доводилось с такой силой шарпнуть их рукой, что я до сих пор не могу понять, как я при этом не разорвал их. Переваги: качество звука, прочность провода, отлично садятся в ухо Недоліки: незначительный и субъективный минус для меня - это внешний вид
5, Звук отличный
5, 2 года использую эти наушники и могу сказать что все, кто пишет мол "провод тонкий" либо не умеет пользоваться, либо пользуется чересчур неаккуратно. Наушники за такую цену супер, все сделано качественно. Звучание хорошее, басы ощущаются неплохо. Если мои сломаются (по какой-то причине) - куплю точно такие же. Переваги: Лучшее соотношение цена\качество, надежный провод, удобная форма. Недоліки: Отсутствуют.
5, Лучшее, что можно взять за такую цену. Яркие, очень удобные, звук достаточно хороший. Переваги: Внешний вид, форма, качество звука Недоліки: Нет
5, Использую чуть больше недели. Выбирал между этими и Филипс. В итоге решил всё таки взять эти. Пока нареканий нет. Хороший звук как для такой цены. Все частоты на месте, от низких до высоких. Громкость более чем достаточная. В общем в этой ценовой категории лучше не найти. Советую. Переваги: Хорошее звучание(а если подкрутить эквалайзер то вообще отличное), удобно ложатся в ухо, хороший частотный диапазон. Недоліки: Провод на вид довольно хлипенький.
5, Отличные наушники, уже несколько месяцев, нареканий нет, звук отличный. Переваги: Отличный звук, надежность Недоліки: Нет
5, Чудові навушники за невелику ціну. Я купую вже другі, так як перші, випадково, порвав. Слугуватимуть довго, якщо бережно з ними поводитися, так як провід тонкий Особисто я задоволений і рекомендую. Переваги: Гарне звучання Недоліки: Немає.
5, Купил эти наушники в начале 2015 года. Прошло 2 года, и они до сих пор работают без нареканий, за такую цену это отличный выбор) Переваги: Качество звука, удобно сидят в ушах. Недоліки: Не заметил.
5, Очень крутые наушники, были раньше такие же, качество звука обалденное, заказал, через день пришли, все работает, всем доволен) Переваги: Низкая цена, за такое высокое качество звука, разьем для входа буквой "г"... Стильные цвета Недоліки: Нет
5, Не ожидал, что наушники за такую цену мне настолько понравятся. Настроил под них PowerAmp и стали играть ещё лучше. Не выпадают, сидят удобно, одел и и забыл. Уши не давят. Звук объёмный, есть басы и высокие, длины провода хватает. Вобщем, ничего плохого о них сказать не могу. Porta Pro пока отложил) Переваги: Удобные, не выпадают, звук на уровне, запас громкости отличный, джек сделан по уму Недоліки: Нет управления громкостю/микрофона, но за такую то цену на это можно закрыть глаза
5, Хорошие наушники служат уже 3 года Переваги: Всё Недоліки: Нету
5, За такую цену - нет. Басы, если НОРМАЛЬНО настроить НОРМАЛЬНЫЙ плеер, отличные! Сцена, глубина - да, к этим наушникам такие требования предъявлять не стоит, ибо 200 гривен!!!) Я их и в воду ронял, и под дождь попадал с ними, и наступал, и выдёргивались из ушей, да так, что думал одни амбюшуры останутся на месте. И работают. Даже сейчас за ноутом в них сижу. Однозначно рекомендую, если вы не особо-то и фанат, чтобы в loosless flac`и инструменталов качать и слушать их перед камином с чашкой какао. Рок, метал, рэп, электронная музыка - хорошее качество звука, частот. За год-полтора использования каждый день в среднем по 4 часа проводки не оголились в местах привычного надлома на остальных (штэкер и сам наушник). Сравнивайте, но настоятельно рекомендую обратить пристальное внимание на эти! Переваги: Цена. Уровень звука. Качество сборки Недоліки: Претензий не было
5, Ребята, рекомендую . Замечательные наушники, очень удобные, не выпадаю с ушей, звук на высоком уровне качества . Недоліки: Нету
5, Отличние наушники Переваги: Прожили 2 года
5, Покупкой очень доволен Раньше были Philips часто выпадали с ушей и ломался провод возле штекера Ну а эти сидят в ушах так что их даже не ощущаешь​. Переваги: Хорошо с сидят в ушах качесто супер Недоліки: Нету
4, Хорошие наушники как на свою цену,покупал девушке,служат без нареканий Переваги: Удобные,хорошее соотношение цена-качество Недоліки: Не нашел
4, брав у грудні 2014, працювали норм в різних умовах експлуатації. Тільки тепер перестало грати праве вушко
4, Покупали ребенку, остался доволен. претензий нет.
4, Нормальный звук Переваги: Нормальные обычные наушники Недоліки: Как у всех
4, За свои деньги очень хорошие наушники. Переваги: Достойное качество звука, Г-подобный штекер, разная палитра цветов Недоліки: Нет на шнуре регулятора громкости звука, хотелось бы дополнительные мягкие насадки на динамики
5, Сравнивали с друзьями наушники одни в 7 раз дороже и в такой ценовой категории, не поверите, по средним и высоким частотам эти выиграли единогласно, басы вполне достаточны, чистота звука меня поразила, мозг после нескольких вариантов, в этих просто отдыхает, музыка слушается по другому, столько новых звуков в песнях. Кто-то в отзыве писал, слышно как исполнитель открывает рот, практически так и есть, и еще как воздух в легкие набирает, очень подойдет для прослушивания аудиокниг. Первое впечатление было противоположное, все привыкли чтоб басы рубали, но через 5 минут все стало понятно в чем смысл звука, просто откидываешься на диванчике чистый звук вливается бальзамом в мозг... в общем рекомендую. Использую 1.5 месяца, шнур выдерживает все испытания, даже самые непредсказуемые, пока без напряга. У друга такие же и та же ситуация. Переваги: Основное - чистота высоких и средних частот, и другие их много. Недоліки: Нет. Им алюминиевый корпус, были бы вечные.
3, Наушники работают. Звучат на свои деньги. Переваги: работают, удобные Недоліки: -
2, Купил вчера,эти" чудо "наушники ,и разочаровался в них,так как год назад покупал наушники, по звучанию на 95% один в один с ПАНАСОНИК RP-125 .И они до сих пор работают.И получилось старые наушники и RP-125 проверить на одном смарте (ЛЖ Д 686) Случайно в розетки наткнулся на эти панасы и увидев кучу положительных отзывов ,то побежал купил себе их тоже, (думал что и я буду счастливым обладатилям этих наушников тоже) и понял ,что такие как мои старые не хуже и в два раза дешевле,и более года проработают. Короче попробую сдать назад.Не знаю с порванной упаковкой возьмут. Переваги: фирма брендовая,знакомая с далекого детства .(НО ТО БЫЛА ЯПОНИЯ) Недоліки: звук,цена
5, Доволен выбором, раньше пользовался Panasonic RP-HJE118, отдал их девушке, а себе рискнул попробовать эти. Первые 5 минут прослушивания очень огорчили звучанием, но оказалось это просто одноразовый "прогрев двигателя". Как результат - не встречал наушников вкладышей, которые бы звучали лучше этих, хотя и слушал значительно подороже модели известных фирм. Переваги: Отличный звук. Хорошо сидят в ушах, никогда не выпадают. Не сильно путаются в кармане. Запастные вкладыши различных диаметров. Недоліки: При хотьбе или беге на не громком прослушивании, слышно как провод внутри трется об наушник. Провод становится деревяным на морозе.
4, Звук цілком влаштовує Переваги: Тонкий провід, займають мало місця в кишені, хороший звук Недоліки: -
4, Подойдут ли к LG G2 mini?
5, В целом, сами наушники очень даже хорошие. Переваги: Очень достойный звук, басы отличные.Очень порадовала шумоизоляция.При полной громкости мир полностью затихает.Никакого шипения и пищания.Покупкой доволен, товар качественный.Г-подобный штекер. Недоліки: Двухсторонний кабель.При долгом использовании он раздвоиться и будет запутываться и выглядеть не очень, правда, при бережном отношении этого можно избежать.
4, Проработали 2 года без каких-либо приключений, вот только сейчас перестал работать левый наушник. Хороший звук на такой бюджет. Перелопатил другие варианты в диапазоне до 800грн, все же решил снова брать эти. Переваги: Сплошние плюсы,как цена,так и качество Недоліки: None
5, В мене проблема з тим, що навушники часто випадають з вух. Але з цими навушниками такої проблеми не відчуваю, можнай займатись в спортзалі не боячись шо випадуть. За цю ціну найкращий вибір напевне. Переваги: за цю ціну навушники хороші, не випадають з вух Недоліки: звук середній
4, Выбирал себе уши чтобы были: маленькие, не выпадали с ушей так как у меня разные уши, с хорошим звуком, и по нормальной цене. Переваги: Хороший звук как для таких малышей (чуть-чуть не дотягивает до моих Genius HS-G500V), не выпадают с ушей, 3 комплекта амбушюров разного размера. Недоліки: Не хватает босов, при долгом ношении начинает болеть одно ухо, нету на проводе микрофона, кнопок паузы и переключения треков.
5, По отзывам мне кажется, что наушники хорошие! Но есть вопрос.Удобни ли носить их, не спадают??
5, Хоть и не много вакуумных наушников у меня было, но понял я две вещи: если покупать то именно наушники а не гарнитуру; сам наушник с учетом резинки должно быть лёгким и не торчать из ушной раковины. Что в принципе и есть в этих наушниках. По звуку лично меня устраивает. Переваги: Удобность, вес, цена (за качество еще рано судить). Недоліки: Пока нету.
5, Сравнивали с друзьми наушники до 1,5 штуки грн и др., неповерите, на средних и высоких частотах эти выиграли единогласно, басы вполне достаточны, чистота звука меня поразила, мозг после нескольких вариантов, в этих просто отдыхает, музыка слушается по доугому, столько новых звуков в песнях. Ктото в отзыве писал, слышно как исполнитель открывает рот, практически так и есть, очень подойдет для прослушивания аудиокниг. Первое впечатление было противоположное, все привыкли чтоб басы рубали, но через 5 минут все стало понятно в чем смысл звука, просто откидываешься на диванчике и ... вобщем рекомендую. Переваги: Это не хит, это просто хитяра Недоліки: Шнур, но только для неаккуратных, при соеднем бережном использовании все будет отлично, темболее это не проблема перепаять с других ушей.
5, Вполне хорошие наушники! Переваги: Отличный звук, приемлемая цена Недоліки: Если на улице холодно - кабель твердеет
5, Сьогодні перестав грати один динамік. Прослужили 1 рік та 8 місяців при щоденному використанні. Чудові навушники як на свою вартість. Завтра йду купувати такі ж самі :) Переваги: Непоганий звук Недоліки: Не виявив
5, Купив навушники давно, 2 роки коритуюсь- все відмінно. Звук хороший. Кабель на холоді твердіє, але за свої гроші не страшно Переваги: Якість звуку, ціна Недоліки: Кабель на холоді твердіє
5, #мояраспаковка Купил эти наушники сегодня на Розетке. Сразу хотелось бы отметить вежливого менеджера и оперативную доставку в Черновцы. Наушники прикольного цвета с чистым звуком. Прилегают плотно, хорошо изолируют окружающий шум. Переваги: Миниатюрные, прикольный цвет, 3 типа уплотнителей, хороший звук. Недоліки: Пока не обнаружил.
4, Не плохие наушники для прослушивания музыки на замену штатным. За эти деньги ждать чуда не стоит. Басы, средина - слабенькие. Для меломанов ждущих хорошую читаемость не подойдут. Переваги: Хороший дизайн, удобные, "Г" образный штекер, универсальные (подходят как к смартфонам так и МЗ-плеерам). Недоліки: качество звука не лучше штатных наушников которые идут в комплекте с смартфонами.
5, Отлично
5, Качественные наушники. Очень понравился звук.
5, Моя распаковка! Переваги: Отличные Недоліки: Нет
5, Моя распаковка Переваги: подходит к xiaomi redmi note 3 pro, звук, удобніье: хорошо сидят в ушах Недоліки: пока не нашлось
5, Покупал не здесь. Был приятно удивлён качеством звука, перепробовал просто море разных наушников (до 600 грн), выбрал эти, но с опаской что у меня быстро порвётся провод. Но в итоге швырял, тянул, иногда телефон из кармана выпадал и зависал на наушниках находящихся в ушах)))) Крайне рекомендую к покупке! Переваги: Хорошее звучание, дизайн. Недоліки: По началу провод не внушал доверия, но юзаю их уже пол года, и всё отлично.
5, Хорошие наушники, до них были другие Panasonic прослужили 2 года и все еще служат на ура, но захотелось новых и я решила опять Panasonic так как уверена что фирма хорошая! Переваги: хороший звук, безумно удобные! Недоліки: их нет
5, Хорошие наушники, в этом ценовом диапазоне не найдете лучше. Звучание очень нравится, что в сочетании с формой наушника дает хорошую шумоизоляцию. Уши от них устают только при длительном непрерывном ношении (больше 3 часов). Важная деталь - их ОБЯЗАТЕЛЬНО надо прогревать: поначалу недоставало высот и они были суховаты, середина была глуховата. После пары часов прогрева все встало на места. Также желательно использовать эквалайзер - лично для меня без него середина чуть кричит (возможно, привык юзать eq). Категорически рекомендую к покупке, звучание и удобство использования ставят их на уровень с ушами минимум в 2 раза дороже (напр., Koss the Plug) Переваги: Хороший бас, выраженная середина, звучание в общем, эргонимочная форма Недоліки: Материал кабеля (на холоде твердеет)
3, Незнаю чому всі пишуть що вони з хорошим звучанням. Багато високих, мало низьких.... для шанувальників року краще купити щось краще. Переваги: Немає
4, Очень хорошие наушники за свою цену. Отличный звук, удобно носить, хорошая звукоизоляция. Г-образный штекер тоже является плюсом, но сам кабель тонкий и немного коротковат. Пока проблем нет. Переваги: Удобные, не выпадают, хорошая звукоизоляция, очень достойное звучание на 5 без плюса Недоліки: Кабель коротковат и сам по себе тонкий, не внушает доверия.
5, дякую розетці за швидку доставку Переваги: дуже зносостійки та надіїні Недоліки: -
5, Хорошие наушники за свою цену!!! Переваги: Удобство,звук,качество Недоліки: Нет
5, Заказывала наушники с Мобильным телефон Microsoft Lumia 550, чистый звук, орет так что уши закладывает, удобно сидят не выпадают, не наушники,а бомба!!! Тем более за такую сумму, вообще вне конкуренции, всем рекомендую!!!
5, Замечательные по качеству звучания наушники! Всем рекомендую! Переваги: Очень классные и качественные наушники Недоліки: Недостаток лишь в том, что в после распаковки наушников пришлось долго их выравнивать, так как они были смотаны.
3, Отримала навушники. Нічого особливого. Звук звичайний. Переваги: Дуже зручні
4, наушники только приехали, хотел написать отзыв через неделю после "прогрева", но не вытерпел))) для своей цены - наушники просто класс!!! если у вас лада не сравнивайте ее с бмв!!! У самого есть Сенхайзер, но сравнивать с панасоник не буду. Итак, приятные басы, приемлимые АЧХ наушники хорошо сидят в ушах. из минусов - бюджетность всего(тонкие провода, шумоизоляция не очень), но звук радует, еще как по мне мало средних и высоких частот, НО - выровнял эквалайзером - и все стало на свои места. Общая оценка - наушники за такую цену - просто супер!(желательно брать к устройствам где есть возможность настроить сч и вч эквалайзером) Берите, не пожалеете!! Переваги: цена, бас Недоліки: за такую цену - нет
5, Заказывала для планшета iPad mini - подошли, работают отлично. Переваги: Удобные Недоліки: Не нашла
2, Повелся на массу положительных отзывов, но остался разочарован качеством звучания. У меня два года были самые обычные 40-гривневые наушники Филлипс, купленные где-то на лотке - так вот у них передача всего диапазона звучания была многократно лучше и органичнее, нежели у этой вчетверо более дорогой модели. Высокие и средние частоты еще куда ни шло, но басы вообще вялые на выходе. Недоліки: Слабые низкие частоты
5, пользуюсь уже 1,5 года и ничего не сломалось, покупала на розетке, очень довольна! до того очень долго искала свои наушники и это именно они!)) Переваги: звук, удобство и цена Недоліки: не обнаружила
4, Купил эти наушники пару недель назад для бега, не пожалел, все хорошо. Переваги: Неплохой звук, хороши для бега Недоліки: Тонкий провод выглядит ненадежно.
3, Диаметр провода меньше, чем кажется на фото. Неплохо было бы кроме длины провода указывать его диаметр
4, Очень портит звук большой срез высоких частот, неприятно ушам, звук теряет все краски. Такой звук не качает. Не доволен. Переваги: Удобные и не более Недоліки: Большой срез ВЧ
5, Мои постоянные наушники, всегда покупаю только эту модель. Переваги: Все замечательно! Недоліки: Через 1 год пользование перестает работать левый динамик.
5, Приобрёл данные наушники в надежде иметь "хоть какие-нибудь". Но в итоге был поражен качеством звука и формы данного изделия. Ходил по шумной улице и слушал акустический кавер на песню, и был поражен тем насколько чистый звук, ощущения будто слушал песню вживую. Вдобавок к идеальной форме которая прекрасно сидит в ушах, и ниразу у меня не выпадала. Все это закрепляет очень дешевая цена, наверное лучшего варианта вы не найдёте! Переваги: Звук, форма, обильное количество запасных насадок, цена Недоліки: Даже при низкой стоимости, минусов не обнаружил
5, Пользуюсь уже 2.5 года. Месяц назад сломался 1 наушник, но второй работает. Буду покупать еще раз. Переваги: Звук, долговечность Недоліки: Нет
5, Пользуюсь всего второй день и все нравится.Использую с плеером ИриверТ9 с настройками эквалайзера все звучит на 5 баллов.Про надежность можно сказать будет месяцев через 6-8. Переваги: Низкая цена Хороший звук как для этой ценовой категории. Недоліки: Пока не обнаружил
5, Чудова якість звучання з відмінним баском. Своїх грошей точно коштують. Чудово підходять для щоденної релаксації та занять спортом. Анатомічна форма та вакуум створюють чудову ізоляцію посторонніх звуків. Рекомендую. Переваги: Звук, якість, ціна Недоліки: відсутні
5, Просто шикарные наушники, заказываю уже второй раз, так как у первых перестал работать один наушник после почти ТРЕХ ЛЕТ СЛУЖБЫ, с учетом того что эти три года я их почти не снимал: гулял, ел, спал, занимался спортом и тд. Переваги: За такую цену лучше практически не найти Недоліки: Пфф
5, Лучшие наушники за свои деньги. Одна из предыдущих моделей серии прослужила 7 лет, из которых 5 студенческих с ежедневным прослушиванием часами в транспорте. Что тогда, что сейчас сравнивал с ближайшими конкурентами - косс плаг, филипс 3590 и др. - эти звучат лучше всех, и в ушах сидят удобнее других. Жаль что у нас на рынке не представлена модель с гарнитурой - TCM125. Переваги: Звук, бас, цена. Недоліки: Отсутствие гарнитуры.
5, Берите,не пожалеете-достойное качество за небольшую цену:) Переваги: соотношение цена/качество,за такую цену полностью доволен качеством звучания Недоліки: не увидел
5, Брал исключительно из-за низкого бюджета. Они отыгрывают свою цену однозначно. До этого были urbeats, которые забыл в пиццерии. Сравнительно с теми разница не такая уже и великая. На свою цену очень хорошие наушники.
5, Отличные наушники. Хороший звук. Советую всем
5, Навушники дуже класні, я навіть нероблю громкость на телефоні до кінця. Переваги: Супер бас, дуже голосно грають, в комплекті три пари подушочок, приємна ціна. Недоліки: Незнайшов!
5, Купил, советую, звук радует, не дорого. СОВЕТУЮ!!!!! Переваги: Хороший звук. Недоліки: Нет
3, звук не дотягує хоть до середнього рівня але простолюду піде Переваги: зручні Недоліки: звук
5, в упаковці йдуть різні розміри вкладишів, відразу замінив стандартні на найменші, ці навушники є легкі і з найменшими резинками не випадають, спокійно можна бігати з ними Переваги: звучання на свою ціну цілком виправдане, ціна, зручні Недоліки: здається що проводки якісь тоненькі, але судячи з відгуків служать довго
4, хорошее звучание
5, купил не давно эти наушники, такие же приобрели жене ещё 2 года назад, тогда в оформлении наушников в место белого пластика были хромированные детальки (смотрятся солиднее), наушник качественные звучат достаточно хорошо. Для меня ещё является плюсом что в этой модели провод мягкий как на яблоковских ушах, до этого были панасоники чуть подешевле с "дубовым" проводом который периодически выдёргивал наушник из уха. Не смотря на то что провод мягкий он достаточно живуч, жена их как только не скручивала и в сумочке они вообще превращались в закрученную дулю, до сих пор живые. Переваги: цена, качество, хороший звук Недоліки: пока не обнаружил
5, СУПЕР !!! Переваги: Хороший звук. В ушах сидят идеально, не выпадают. Уши не устают.
5, Наверно лучшие наушники за такую цену. Звучание будет даже лучше, чем в некоторых дорогих моделях Переваги: очень удобно сидят в ушах, не выпадают даже при беге, классное звучание, цена Недоліки: отсутствуют
5, Сегодня пришли наушники. Скажу сразу - о выборе я не пожалел. Звук шикарный. Я почему-то ожидал немного хуже за такие деньги. До этого были Sennheiser CX 200 Street II, так что сравнивать могу только с ними. Так вот Panasonic - достойная замена им. Звук на них мне понравился больше чем в сенхах, так как у вторых почти отсутствует бас. У Панасоник бас мягкий, сочный, обширный. Громкость очень высокая, такая же как и у сенхайзеров. Единственное - Сенхи немного чище играют. Одним словом покупкой доволен на 200% Лучшие наушники за такую цену. Переваги: Отлично сидят в ухе, прекрасный звук Недоліки: Визуально и на ощупь очень тоненький провод.
5, Працюють вже рік Переваги: Ціна, звук, зручність Недоліки: немає
5, Нормальные наушники за приемлемую цену. Переваги: Все нормально
4, Не достаточно громкие, по этому 4.
5, Отличные наушники! Переваги: Звук, внешний вид, длинна шнура Недоліки: Пока нет
5, Пользуюсь третий месяц, всем доволен. Переваги: Хорошее звучание, эргономичный и современный дизайн, гарантия. Недоліки: Так как я их использую с телефоном, то немного не хватает микрофона.
5, хочу купить синие такие, закажите мне их) Переваги: все норм
5, За такие деньги - просто лучший выбор. Даже без эквалайзера выдают отличный звук, что редко встретишь даже в наушниках в 4-5 раз дороже. Не говоря уже о том, что эти Панасоники неубиваемые, что я только с ними не делал :)
5, Очень хорошие наушники за свою цену. Переваги: Хороший звук, цена, качество. Недоліки: Нету.
5, предыдущие слушал больше года.а потом посеял....звучат прекрасно.думаю тот кто их нашёл наслаждается звучанием ...чего и вам желаю Переваги: прекрасные наушники Недоліки: третий раз покупаю такие
5, Незамінна штука на роботі чи в залі - нічого не чуєш крім музики. Кілька разів переїжджав дріт кріслом - нічого працюють. Купив дівчині, вже після того як сам пів року користувався. Переваги: Хороший звук, хороша ціна, хороша звукоізоляція
5, Очень рад покупке Переваги: Удобные, хорошое звучание Недоліки: нет
5, Именно эти наушники уже юзаю чуть больше года, до этого была немножко другая модель - но характеристики те же - были они у меня года 3-4 , увы потерял их в самолете. Действительно хорошие наушники для тех, кто любит качество. Переваги: Качество звука, даже самой морозной зимой - не пересыхают провода и не идут на излом - как во многих наушниках бывают. Т-образный штекер - очень удобный (не идет на излом если телефон или мп3 в кармане), уши после длительного ношения не болят. Да и спать в них удобно )))) Недоліки: вообще нет
5, звучение просто отличное!
3, У меня до этого были наушники Panasonic RP-HJE190E-K (тоже покупала на Розетке). Один наушник погрыз крыс, поэтому решила покупать новые, а Panasonic RP-HJE125E-W White были как раз на распродаже. И я от них не в восторге. Портит впечатление то, что привыкла к отличному звуку предыдущих. Но в целом - слушать можно, пользоваться буду. Переваги: Удобные, из ушей не выпадают. У меня от них не болят уши, как бывает от плохого звука других наушников. Недоліки: Плоский звук.
5, Хорошие наушники Переваги: цена Недоліки: нет
5, понятно, что не предел мечтаний но соотношение цена/качество просто отличное
5, Товар Шикарен) Спасибо розетке) Переваги: ++ Недоліки: нету
4, наушники супер!!! Переваги: хорошие недорогие наушники. L- образный штекер. Недоліки: не обнаружил
3, Купил эти наушники месяц назад. В родных амбушюрах звук показался каким-то пресным (перепробовал все три пары). Затем поставил амбушюры от гарнитуры Нокиа (там внутренний диаметр чуть пошире и сами насадки помягче) и звук стал лучше. В общем наушники не супер, но и не плохие. Переваги: Удобные, не выпадают Недоліки: Не понравился звук в родных амбушюрах
3, Звук не ужасный, но в моих стандартных ушах от смартфона леново звук показался чище. Покупкой не доволен. Звукоизоляция средняя. Я сильно разбираюсь в наушниках, но мне так себе, домашние большие мониторные звучат лучше. Дал послушать эти товарищу диджею, он говорит что звук нормальный... Может для этих направлений музыки и норм, не знаю, но для более тяжёлой и другому другу, который тоже по тяжёлой, показалось что наушники не очень.
5, купил себе вчера но не тут, наушники прекрасные в меру басы, частоты стерео, совместимы со всеми гаджетами планшеты, мобильные телефоны даже совместился с Сигма IP 67 где из-за особенностей конструкции телефона не все штекеры наушников и гарнитур могут совместиться с гнездом.. Переваги: качество бренд Недоліки: нет
3, пару дней назад купил себе эти наушники. мое впечатление - наушники самые обыкновенные, не понимаю откуда у некоторых людей взялось мнение что здесь есть какие-то особые басы и чем-то примечательное звучание. Не ужасные, но и не выдающиеся. Достал из шкафа свои старые потертые 10-летние наушники iriver, так они лучше в несколько раз. Откровенно говоря рассчитывать купить за эту цену отличную вещь наивно)))
3, Вчера начитался здесь отзывов и купил эти наушники, как раз нужно было. Что вам сказать - наушники самые обыкновенные, никаких там особых басов или примечательного качество звучания не обнаружил. Зато пришел к ценной мысли, за которую стоило отдать деньги - не нужно думать что ты самый умный и можно за копейки купить супер продукт. Так не бывает))). специально нашел в ящике свои старые потертые 10-летние наушники iriver, так они и сейчас в РАЗЫ лучше звучат.
5, Первый раз про наушники Panasonic я узнал от друга, он мне их посоветовал, говорил что покупал с братом и у обоих они по 3 года служат и + не дорогие. Как раз в то время я искал себе наушники, активно читал отзывы про разные наушники, советовался с друзьями. При первом прослушивании наушников Panasonic RP-HJE118GU-K я сильно удивился качеством звучания(подобного не ожидал от столь дешевых наушников) и твердо решил что буду покупать их. До этого слушал наушники Koss The Plug они конечно шикарные особенно низкие частоты, но были не очень удобными(при долгом прослушивании болели уши), шнур был не гибким(держал форму) и они у меня долго не протянули, у основания левого уха треснул шнур. И вот купил я Panasonic RP-HJE125E-A(немного дороже модель чем у друга). И так. Первое: Они очень удобные. Проблем с вываливанием наушников из ушей у вас точно не будет. Я использую маленькие вкладыши, даже с ними у меня они ни разу не вываливались. Второе: Очень понравилось основание шнура с динамиками, благодаря такой конструкции они менее подвержены перегибанию в этой области(а именно там у меня всегда перегибался и ломался шнур в других ушах). Пользуюсь ими уже год, нигде ничего не перегнулось. Спал неоднократно с ними. Случалось даже так, что слушая их, случайно очень сильно дергал, что штекер высовывался. А им хоть бы что. Третье: Звук, сравнительно с Koss, более сбалансированный(низких меньше), но тем не менее, как по мне, не уступает по качеству. Нет смысла много писать про звучание, так как это все очень субъективно, тут нужно самому послушать. Еще сравнивал их с SoundMAGIC E10. Меджики по звучанию немного лучше, детализация звука и глубина просто на высоте. Но тем не менее Панасоники не сильно уступают им по качеству звука, при том при всем что стоят они более чем в 4 раза дешевле, и еще они лучше сидят в ушах. В первую очередь советую эти наушники всем тем, у кого часто ломаются наушники, и кто ищет недорогой вариант с хорошим качеством звука и самих наушников. Переваги: Долговечность, удобство, качество звука, цена. Недоліки: Нет
5, Очень рад покупке:) Переваги: Удобные , хороший бас Недоліки: Нет
5, Купила дочке, хорошее соотношение цена - качество. Удобные, хороший звук, красивый ярко-синий цвет. В целом, довольны. Получили то, что хотели! ^_^
5, Підійдуть до nokia 308?
4, Аппарат очень хороший, особенно советую ценителям баса, хорошее качество звука, отличный дизайн. Переваги: хороший звук, можно ложиться на наушник, при этом он не давит в ухо, не выпадают, хорошо держаться.
5, Два дня назад купил,пришел домой включил музыку,от этого насколько классного звука аж прослезился очень рад покупке,при создании этих наушников очень много чего продумали и создали действительно достойный продукт.Бас шикарный.Прошлые прослужили 2 года.Говорю большое спасибо создателю,сторонникам,и продавцу. Переваги: Отличный насыщенный звук,превосходный продуманный дизайн,подходящая цена,из-за тонкого провода который не тянет сам наушник,и сама форма наушника способствует тому что можно спокойно бегать,заниматься спортом и не бояться такой проблемы как выпадание наушников.Самые долго служащие наушники прошлые два года прослужили.Лучший выбор Недоліки: их нет
5, Купила на Розетке, проработали год. Один раз умудрилась постирать их в стиральной машинке, все равно работают)) Переваги: Работают уже год))) Недоліки: Лично меня все устраивает
5, Пользуюсь ими уже почти 2 года (хотя гарантию дали мне на пол года). У меня они единственные смогли прослужить дольше чем пол года. Из минусов можно было бы отметить недостаточно мощные низкие частоты, но учитывая их срок службы, такой косяк можно простить. Переваги: Очень долгий срок службы при нормальном ношении
4, Это все Переваги: Хороший звук Недоліки: Нет регулировки громкости.
5, Хорошие наушники за разумную цену
4, Хорошие уши для своей ценовой категории
5, Довольна покупкой и обслуживанием Переваги: Отличный звук, удобная форма Недоліки: нет кнопки ответа
5, Купила сегодня. Очень довольна. Попробовала слушать - звук очень качественный, полная изоляция звука, громкость прекрасная, рассчитана на человека с хорошим слухом, нет никаких шумов и "торохтеней". Сначала купила подруге на др, она оценила, вот я и себе прикупила. Достойные наушники Переваги: Качественный звук без шумов итд, полная изоляция от наружных шумов, веселенькая раскраска. Благодаря овальной форме "ушек" они не выпадают из ушей Недоліки: Пока не заметила, но жаль, что нет микрофона, хотя это и не предусмотрено для этой модели
5, Купил наушники, пришли через 4 дня, все хорошо, звук отличный, работают на ура. Спасибо Переваги: хороший звук, стойкие, дизайн интересный.
5, Наушники просто замечательные! За такую смешную цену берите не раздумывая, не пожалеете Пользуюсь уже больше года, ни капли не жалею Переваги: Звучат шикарно! Недоліки: Недостатков нет
5, Никаких претензий. Если нужны наушники примерно в этом ценовом диапазоне - не пожалеете. Переваги: Хороший звук (насколько хватает моего слуха), надежность, стоимость Недоліки: Нету
3, Узкий диапазон, низкие частоты обрезаны. Переваги: Привлекательный внешний вид. Недоліки: Слабый звук, даже в сравнении с более дешевыми вариантами.
5, Заказываю уже вторые наушники ,первые отпахали год и по моей неосторожности один наушник вышел из строя,сидят в ухе как родные))звучание супер ,одни плюсы. Переваги: Качество звучания Недоліки: Нету
5, Который раз убеждаюсь, что данная модель - лучший выбор за свои деньги! Переваги: Отличный звук, надежные, подходят наверное ко всему) Недоліки: не обнаружены
3, Наушники за такие деньги неплохие, но проработали только около 10 месяцев (перестал работать один канал). Поменял в Розетке по гарантии. Розетке спасибо!
5, Очень удобные и качественные. Свою функцию выполняют на 200%. Рекомендую Переваги: Только сплошные достоинства - бомбезное звучание, дизайн, качество производства Недоліки: Нет
5, Чтож, сегодня мои наушники наконец таки сломались. В эксплуатации находились около 2х лет. Кстати, спокойно пережили два цикла в стиральной машине! В плане звука ничего особенного, за такую цену в принципе рассматривать звуковое наполнение нет смысла ). Идеальный вариант если вы ищете недорогие и надежные наушники на каждый день. Переваги: живучесть, внешний вид Недоліки: нету(если учесть их цену)
3, нормальные наушники за такие деньги.... когда то такие уже были и прослужили год.
4, наушники норм
5, Хорошие наушники. Беру уже 3ю пару в розетке и ещё пару взял не здесь. Все работают до сих пор. Хорошо сидят в ушах, сами не выпадают и дискомфорт не создают. Достаточно качественный звук. Шумоизоляция на высоте. Не хватает только прищепки или другого фиксатора провода к одежде. Переваги: Качество звука, шумоизоляция, цена Недоліки: Нет фиксатора
5, самые популярные наушники каждый третий носит такие
5, Сперські навушники користуюся з 2013 , а звук такиже шикарний.
5, Хорошие наушники. Панасоник в очередной раз не разочаровал.
4, На свою цену - отлично служат уже более 6 мес без вопросов Переваги: Цена, сборка Недоліки: Тонкий провод
5, Самые живучие наушники из всех, что у меня были. Обычно не выдерживают больше 2-3 месяцев, а эта модель мне служит более 9 месяцев. Беру их уже в третий раз и очень довольна.
5, отличные наушники, при беге не выпадают. За такие деньги нет ничего лучшего. Переваги: цена цена-качество Недоліки: нет
5, Отличная покупка...звук отличный,посадка в ушах отличная,длинны провода хватает на ура....получился сюрприз с фрисби поскольку я про него уже и забыл...а он раз и пришел..))доволен и тем и тем..спасибо розетке! ) Переваги: Низы и верха отличные.качество звука. 5 балов Недоліки: с проводом чуть прогадали...но пока все хорошо)
5, Хорошие наушники с хорошим звучанием, спасибо Переваги: Качество звучание, удобные, надёжные Недоліки: Нету
5, Здравствуйте! Я три месяца покупал у вас наушники Panasonic RP-HJE125E-D и не давно у меня поломался один динамик подскажите пожалуйста куда мне обратиться? Гарантия есть
5, При первом прослушивании музыки приятно удивили.Звук хороший, разъем изогнутый, своеобразна форма из-за чего с ушей не выпадают. Лучшие уши которые могут быть за эту цену. Всем совету, берите не пожалеете)
3, Неплохие наушники. Но может кто-то сталкивался с проблемой, что в один прекрасный день одно ухо начинает играть тише другого? з.ы. и можно ли это как-то пофиксить? Переваги: Неплохой звук для своей цены. Недоліки: Через пол года правый наушник стал играть раза в 2 тише. Плюс действительно слабый провод.
5, Классные наушники, очень довольна. У меня знакомый уже 4 года такими пользуется и никаких проблем Переваги: прекрасное качество, отличное звучание музыки, шумоизоляция Недоліки: нет
5, Брала год назад.Покупкой более чем довольна.Наушники прошли и огонь и лед и выдержали на ура!)И в холод и в жару,они всегда со мной,т.к. слушаю музыку почти каждый день.Надежные,что в наше время редкость.Берите,не пожалеете!Спасибо розетке,доставили быстро. Переваги: Хороший звук,надежность,радуют глаз. Недоліки: не обнаружила
5, Прекрасные наушники, всегда такие хотел, все друзья рекомендовали и я всё же решил купить. Безгранично рад! Без сарказма! Переваги: Удобно лежит в ухе, не выпадает, все идеально слышно, звук наружу почти не выходит. Намного лучше обычных вакуумных наушников. Недоліки: Не нашел.
5, За два года пользования ни разу не пожалел о покупке, работают просто отлично, качество сборки очень высокое, так бы и продолжал бы ими пользоваться еще много лет, если бы девушке не отдал)) Вот буду еще одни брать.
5, Купил где-то месяцев пять назад, я думал что за такую сумму ничего хорошего не получу, но был удивлён качеством звучания. До сих пор пользуюсь, качество не поменялось хоть и люблю навалить бассов) Переваги: Хороший качественный звук, басы и высокие отличные. Недоліки: Слабые и грубые провода.
4, В целом свою цену наушники отрабатывают. Удобно сидят в ушах, большой панорамы звучания тут конечно нет, звук плосковат, отзывы по типу "о госпади звук великолепен 10 из 10!!" явно написаны людьми, слушавшими до этого только китайские вкладыши за 40 гривен с рынка. Но опять же для этой цены звук приемлем. Любителям баса скажу, бас есть. Глубокий ли это бас? Нет. Он просто есть. Всякая электронная музычка, репчик, хип-хопчик и прочее г звучит неплохо. Не хватает этим наушниками середины и верха, на этих частотах, как не крути эквалайзер, всё равно, то не хватает, то начинает прямо пищать в верхах. В общем при воспроизведении инструментальной музыки эти наушники смотрятся значительно хуже. Провод доверия не внушает, выглядит не надёжно, не эластичный. Вердикт: брать можно особенно если вы любитель электро, рэп музыки, как говорится, не обломитесь. Для рока тоже сгодиться, если уже брать уши дороже не желаете. Если ещё и со скидочкой их возьмёте, как я, то разочароваться не должны. Переваги: Удобно сидят в ушах. Для своей цены неплохой звук Недоліки: Узкая панорама (в целом если не смотреть на стоимость). Не достаточно хороши для инструментальной музыки. Не внушающий доверия провод.
4, Хорошие наушники, мне лично понравились!
4, Мої рекомендації... Переваги: Дуже хороші навушники. Беріть, не пожалієте) Недоліки: Я не виявив, працюють справно
3, Сравнивал с СХ300, но они дороже на порядок. Чего можно ожидать от таких затычек, то и получаешь. Переваги: Играют музыку, слышно хорошо Недоліки: Соглашусь с тем, что: тонкие дубовые провода, низкий частотный охват. Смена прокладок затруднительная
4, Хорошие наушники за свою цену, пользуюсь пол года. Звук хороший. Качество материалов в особенности провод могли быть и лучше. Переваги: Приемлемое качество звука, хорошо сидят Недоліки: Плохой провод
5, покупаю вторую пару, посоветовал другу тоже не жалуется. качество звучания отличное!..
4, Покупал не здесь,но наушники мне понравились,басы норм,удобные,хорошо держатся .Единственное что уши болять если долго носить(но может из-за непривычки просто,до этого небыло вкладышей) Переваги: Хорошие наушники Недоліки: Пока что нет
4, Сразу после покупки данных наушников, решил их протестировать, и был немного разочарован, т.к. голос в треках был сильно режущим. Да и по телефонному разговору было это явно слышно. Придя домой, я решил подкорректировать амплитудно-частотную характеристику, и вот что получилось: http://itmag.es/5Fj2H (смотреть на жёлтую линию). После данного исправления в ачх, звук стал намного чище и убрался сильный резонанс на 5 kHz. Бас я не регулировал, ибо его можно легко контролировать степенью углубления наушника в ухо, т.е. не нужно его прижимать нижней частью к мочке уха, дабы не закрыть маленькое отверстие внизу: http://itmag.es/1v3Pd (для вывода излишних низких частот). Проделывать данную операцию с частотами на вашем ПК, удобнее всего в foobar2000 или AIMP 3. На мобильных устройствах в jetAudio Music Player Plus, т.к. он имеет 20-полосный графический эквалайзер. Подводя итоги, хочу сказать, что данные наушники очень неплохие для своего ценового сегмента, и после корректировки ачх вполне подойдут как аудиофилам, так и людям которые хотят за небольшие деньги более-менее хорошие наушники для поездок в шумном транспорте. Тест проводился на самых больших амбушюрах. Так же он актуален для средних, но никак не для маленьких, которые пропускают слишком много воздуха (хотя возможно это у меня слишком большой слуховой проход). Переваги: Отверстия для вывода низких частот. Недоліки: Жёсткий и тонкий провод.
5, Не ожидал от панасоника такого, был приятно удивлён, хороший звук для такой цены.
5, Самые лучшие бюджетные наушники в мире! Это уже вторая пара. Стоят своих денег. Берите - не пожалеете. Переваги: Звук!!! Басы, низкие и высокие частоты, шумоизоляция! Ассортимент цветов. Недоліки: Их нет.
4, - Переваги: Из ушей не выпадают, звучание вроде неплохое. Недоліки: Провод не вызывает доверие.
4, Купив близько місяця назад! поки нарікань ніяких немає! звук класний, хороші баси, штекер буквою г, що позволяє менше перегинатись дроту, яскравий колір самих наушників! словом наушники класні, мені подобаються!!!))) Переваги: звук, колір, штекер буквою г Недоліки: в холодну пору року твердіють на вулиці, ну і не хватає динаміка для розмови через наушники
5, Дуже задоволений товаром, користуюсь вже 1 рік, і динаміки зовсім не послабшали, прочитав тут комент що колір міняється, так дійсно так, вони у мене стали набагато світліші, але мені головне звук. Так що мене навушники повністю задовольняють. Переваги: Звук дуже хороший, бас на рівні, легкі тобто дуже зручні Недоліки: ну хіба що камяніють на холоді, але це на звук не впливає:)
5, Купував не в Розетці. Користуюсь їми вже пару місяців і можу сказати, що ДУЖЕ задоволений. Їх можна носити хоч вечь день і ти не відчуєш якогось дискомфорту. Звучання - на висоті. За таку ціну - це ідеальний варіант. За один "Ergofit" Панасоніку треба премію дати!) Переваги: Супер звук, дизайн, комфортність Недоліки: Неплоский кабель
4, Собераюсь брат такиеже. Переваги: Отличные уши на свои деньги,плотный бас Недоліки: Через 4 мес левый стал похрипывать,потом и вовсе еле слышно
5, Классные наушники
5, навушники шикарні. Купувала півтора року тому, і робили до цих пір.. Дуже жаль, що вкрали:(
4, конечно не сеннхайзер,но в категории "наушники до двухсот гривен " я бы поставил им первое место)) Переваги: Отличное качество,как за свою цену Недоліки: пока не нашёл
5, Чудові навушники. Добре збалансовані частоти, можна навіть без еквалайзера слухати, хоча я трохи піднімаю високі на 2-3 дб і опускаю середину на 1 дб, цього достатньо, а низькі взагалі ідеальні - не потрібно ні додавати, ні збавляти. Деталізація на високому рівні, як на затички. Сидять зручно, не випадають взагалі, навіть якщо смикати за провід. Зрівнював з оригінальними beats tour, і чесно скажу - різниця тільки в тому, що в бітс більше басів, але то не справжні баси, як із сабвуфера, та і панасоніки зручніше сидять у вухах. Шнурок у них тонкий, але нормальний, штекер Г-подібний, м'який. Переваги: Всі навушники повністю - один суцільний плюс. Недоліки: немає
5, До этого пользовался похожими вакуумниками от Sony (MDR-EX10) - качество звука в обоих моделях отличное. Но после года использования в Sony "умер" правый наушник. Посмотрим, как долго продержатся Panasonic. Покупкой доволен - качество звука радует с первого дня! Проверено на iPad Air и SonyEricsson Live with Walkman Переваги: Отличное качество звука (в том числе четкий бас)
5, Отличные наушники, из ушей совершенно не выпадают, звук радует. Переваги: Маленькие и очень удобные Недоліки: Пока не замечено
4, удобнее было бы если бы была кнопочка регулировки звука и переключения песни. Переваги: нормальный звук, стильные Недоліки: музыка слышна окружающим
4, Навушники свою ціну відпрацьовують на всі 200%. У вухах сидять дуже зручно, сказується ергономічний дизайн! Звук якісний у всьому діапазоні частот, гучний! Переваги: Дизайн, ергономіка, якість звуку Недоліки: Їх просто нема за таку ціну
5, Купил в замену своим родным от телефона на НТС(родные попросту сломались). Ну оооочень доволен. Низкие и высокие частоты просто бомба как звучат, а если еще и эквалайзер поковырять то.. просто конфетка. Переваги: Звук отличный; из-за своеобразной формы в ухе сидит идеально, не выпадает; порадовало что разъем изогнутый а не прямой. да еще и + гарантия. Недоліки: дак где им взяться то
5, Мне понравились Переваги: Отличный звук, хорошо сидят в ухе, 3 комплекта резинок под любой размер Недоліки: Цена
4, Классные наушники, звук супер Переваги: звук,удобные Недоліки: он не большой,на холоде становятся дубовыми
4, Хорошие на ушники на свои деньги
5, Отличный девайс. Звук качественный. Удобные в ушах. Эксплуатируются подростком почти год. В жёстком режиме (телефон, планшет). Так долго не выдерживали ни одни наушники. Отдельный плюс- г-образный штеккер (не заламывается).
3, Вообщем наушники не плохие, но и рекомендовать не могу. Думаю на эту цену есть и лучше...Лично моя рекомендация: подберите какой то другой вариант! Переваги: Сам звук класный, наушники удобные))) Недоліки: Провод тонкий как в самых дешевых наушних. И это немного напрягает, при использовании...
5, Наконец-то наушники, которые отлично работают и через месяц и через два, и не надо над ними трястись, чтоб ничего не загнуть случайно.
5, Идеальный вариант для своей стоимости. Переваги: Идеально ложатся в уши, можно легко бегать и не напрягаться от выпадения. Качественный звук, сочные басы, с регулировкой аквалайзером звук улучшается в разы, хорошая изоляция, даже при средней громкости внешние шумы не слышны. Цена для такого уровня идеальна. Недоліки: Нет
4, Хорошие уши. Посеял свои Сенхайзеры - но эти тоже на достаточном уровне. Долго выбирал, но не пожалел. Берите. Цена-качество соотносятся идеально
5, Дуже чудові навушники! За свою ціну виправдовують себе на всі 100 і більше %!!! Звук у них живий, неначе сам присутній біля того чи іншого об'єкту, що видає ці звуки. Немає ефекту "луни" чи "відстороненості". Зручно тримаються у вухах, не випадають. Дроти на вигляд здаються тонкими, але вже рік тримаються без найменших спроб десь відірватися/розірватися. Покупкою ДУЖЕ задоволений! Панасонік зробили навушники на славу!!!
5, Отличный вариант за эти деньги Переваги: Хороший басс, очень хорошо сидят в ушах и изолируют Недоліки: Провод весьма тонкий
5, купила сегодня эту прелесть, впечатлена)))) даже басы на месте)) удобны,из ушей не выпадают,как ни прыгай(я танцовщица). Всем советую эту модель, звучание чистейшее. Как может сломаться штекер, ума не приложу,на вид он вечный. Переваги: Чистота звучания, цена, дизайн Недоліки: не обнаружено =))))
5, Гарна якість за таку ціну Переваги: Гучність, витривалість.
5, маю таких вже 3 комплект за півтора-2 роки сів переший потім зразу взяв 2 комплекти... один для бігу (колір тьмяніє з часом).. один просто Переваги: чистий звук, надійність, міцність стиків,ціна,яскраві
3, Маленькие, звук хороший Недоліки: Не удобные. Для бега не подходят - провод не закреплен плотно к пластмасске, возникают посторонние шумы. Провод запутывается.
3, Не знаю, як у деяких покупців навушники працювали так довго, в мене вже на 3 день з'явилися неполадки з штекером. В мене із іншими навушниками були подібні проблеми та вони зявлялися через 3-5 місяців,а тут одразу. Переваги: Хороший звук, зручні. Недоліки: Ненадійні.
4, Не так давно писал комментарий о наушниках Koss the plug и ошибся написав ,что за такие деньги ничего лучшего или примерно такого купить невозможно.Беру свои слова обратно.Эти уши за меньшую цену переигрывают косы.Я был сильно удивлён.А купил их ради пробы-не верил,что за такие деньги можно иметь хороший звук.Оказывается можно.Звучат они явно дороже.Бас упругий глубокий и без фанатизма.Середина на месте-прорисована,не выделяется и нет ощущения,что чего то не хватает.Ну мне чуть-чуть не хватает верха.Сбалансированы наушники хорошо.Нет завалов в какую либо сторону.Детализация нормальная.Играют чуть тише косов.Нет ощущения бочки.В ушах сидят очень удобно.Три пары насадок разных размеров подойдут и мыше и слону.Г-образный джек.В общем всё класс.Единственное-это кабель.Жесткий,а на морозе что с ним будет-неизвестно.Со звуком я дружу и ставлю этим ушам твёрдую 4.И естественно всегда играйтесь настройками эквалайзера. Это помогает.Спасибо Panasonic и Розетке. Переваги: Звук,цена. Недоліки: Кабель.Хотя за такие деньги-это очень маленький минус.
5, Очень классные наушники. Звук на уровне KOSS porta pro (с другими не сравнивал). Очень удобная конструкция - не выпадают. Если выбираете из недорогих наушников - смело берите эту модель. Переваги: Сочный бас, удобная конструкция, цена. Недоліки: Минусов нет.
4, Прикупил на неделе уши себе,давно хотелось именно такой конструкции,диффузор как у таблетки,но с герметизацией как вакуумники. Я лично ожидал примерно такой результат за эти деньги !!!Да,и вообщем чего хотеть от миниатюрного диффузора,он чисто физически не может того чего от него так упорно требую. Переваги: 1.Не дорогие 2.Изолируют уши от окружающего шума 3.Сбалансированный как по мне диапазон НЧ СЧ.Возможно от качественного источника сигнала и результат будет другой,а стоит оно того? 4.Наушники не глушат даже на всю громкость от телефона(обычная нокиа 6303i),и не искажают звук.( в разумных само собой приделах прикладываемой мощности). Недоліки: 1.ВЧ урезанные.У меня не музыкальный слух,но 18,5-19кГц я слышу ,здесь этих частот очень мало. 2.Не излишний ,не урезанный,бас именно в меру,хорошо вытягивают низа,не глохнут и не фыркают как отчаянно китайский уши. 3.Если ждёте от этих наушников "низких негров" - думаю не потянут.
5, Спочатку думав що погані, але потім переставив амбушюри на більші і вони стали займати вушний канал повністю – стало добре. За такі гроші супер. Беріть, не пожалкуєте. Переваги: Незвична форма навушника, спочатку не сподобалося, але потім зрозумів що так вони краще сидять у вусі та легше їх виймати. Недоліки: Шнур здається дуже тонким. Не дуже гучні.
5, рекомендую Переваги: зручні, мобільні, хороша якість звуку... за пів року експлуатації зарекомендували себе з найкращої сторони Недоліки: за таку ціну непомітив
4, купил себе месяц назад.покупкой очень доволен. качество звучание отличное,удобные,с ушей не выпадают.покупал из-за формы вкладышей и звучания Переваги: удобность,звучание Недоліки: не увидел
5, отличный выбор. если у вас что-то "рипит", то поклацайте эквалайзер для начала, а потом только бегите менять наушники. Переваги: цена-качество. звук. удобно лежат в ухе. резинки не спадают. + еще 2 пары резинок разного размера в комплекте. цвет. джек загнут под 90 градусов. Недоліки: на вид тонкий провод, но они все такие.
4, можно брать! лучше гарнитуры на 4Ы или люмии 520/920 Переваги: очень, очень хороши на свои деньги Недоліки: кабель слабоватым выглядит - но возможно только выглядит
5, купила уже вторые для племянницы Переваги: легкие, мягкие, звук отличный Недоліки: нет
5, Отлично сидят в ушах, кажется что звук льется прямо в мозг. Можно спокойно с ними засыпать - не поломаются. Вообщем песня за эту цену. Переваги: Легкие, удобные, отличные басы. Недоліки: Пока нет.
5, Купил дочуре, довольны оба: звук-цвет-дизайн-эргономика - все на достаточном уровне, хорошие басы
5, Ни разу не пожалела о покупке. Очень удобные, не выпадают из ушей, хотя раньше у меня лично это была огромная проблема. Мягкий шнур, который не замерзает на морозе и не трескается как у наушников Ergo серии VT-32. Объемный чистый звук, который не бьет по ушам. Предыдущие такие же отжили 8 месяцев в режиме пользования "24 часа в сутки". прекрасно подходят не только для телефонов и планшетов, но и очень приятно просматривать фильмы и играть в игры на ноутбуке, хорошо выдерживают грубое отношение. Плюс цена сравнительно не высокая. Переваги: Цена, качество, звук, удобство, прочность. Недоліки: Не заметила
4, После открытых ушей за 800, которые сломал, эти звучат уже не так, но для своей ценовой категории это лучший выбор.
4, Я доволен. Переваги: Хороший и приятный звук. Живучесть. Недоліки: Пока не обнаружил
5, Если Вы предпочитаете вкладыши большим ушам и Вы запарились каждые 1.5 месяца выбирать новые уши для повседневного использования, - это то, что вам нужно! Переваги: 1. Долговечность. Даже при не слишком-то нежном обращении, - год прослужат наверняка. 2. Хорошо сидят в ушах. Не вылетают, даже при беге. 3. Звук. На первый взгляд звучат посредственно, но.. Я слушаю музло с телефона. Samsung S4. Нужно настроить эквалайзер и звук получается что надо! 4. Г-образный, очень надежный штекер, что собственно и способствует долговечности, т.к. большинство моих прежних вкладышей пережымались именно возле штекера, как с Г-образным, так и с прямым Недоліки: Легко запутываются в кармане или сумке, но это так..
5, Отличный наушнику за свои деньги. На моем Samsung s5360 хорошо играют, басы есть) Переваги: Звук, громкость, крепкие наушники Недоліки: Нету
5, Очень понравились наушники, не путаются. а если даже запутались, легко распутываются. Переваги: Крепкие, очень хорошие наушники, гормкие. Недоліки: Их нет.
3, ничего особенного. обычные средненькие наушники. Переваги: удобные и только. Недоліки: звукоизоляция на 3-.
5, За свою цену - просто отличные наушники. Да даже если бы стоили н дороже - я бы их купил. Качество звука - супер. Очень приятно слушать музыку любого жанра. Особенно когда в телефоне Dolby System.
5, Бомбезные уши. Цена себя вполне оправдала. Переваги: - форма вкладышей - звукоизоляция средняя - черные =)) - после того как поигрался с эквалайзером звук просто шикарен, слушаю в основном *.flac низкие, средние, высокие отдает отлично. Недоліки: - не обрадовал хлипенький провод - не обрадовало отсутствие прищепки
4, Ну вообщем, проработали у меня 6 мес.(сломал сам)работали хорошо звук ( учитываю цену ) хороший
5, Отличные наушники,брал девушке на подарок. Спасибо Розетке, как всегда порадовала низкой ценой и быстрой доставкой.
5, в мене навушники живуть не більше 3х місяців, але панасоніки такого плану використовувала 2 роки і лише після того, як кіт перегриз дріт біля джека довелось замінити на інші. надзвичайно хороший звук і дуже зручно тримаються у вісі. для важкої музики - саме те, що треба. ;)
5, За эти деньги отличные наушники. Переваги: 1.Можно слушать музыку на полную громкость,а остальным сильно слышно не будет. 2.Длинный провод. 3.Отличное звучание 4.Цвет наушников можно выбрать любой на ваш вкус:) Недоліки: Не нашла.)
5, Очень отличные наушники! Просто в восторге. советую всем лучше этих еще на видел. Переваги: Все Недоліки: нет
5, Четно говоря довольно таки в\сильно удивлен услышав такое звучание за такие деньги. Как по мне очень даже хорошие наушники. Переваги: Хороший звук,цена Есть вкладыши всех размеров (если вы человек).Довольно таки удобно слушать, радует что не выпадают из ушей, я просто раньше слушал через обычные вкладыши или ушанки. Недоліки: Тонкий шнур.
5, Здравствуйте. Может вы сможете мне подсказать, как мне избавиться от странных не очень громких, но раздрожающих при тишине шумах, когда я подключаю к ПК данные наушники. Причем при ползунке звука = 0 также исходит неприятный звук. С другими наушниками для телефона такая же беда у меня. Переваги: Цена-качество, зветовая гамма, удобство.
5, Наушники отличные! Всем рекомендую! Особенно оранжевие!
5, за такие деньги отличные наушники Переваги: хороший звук, очень удобно сидят в ушах (наверное самые удобные вакуумные наушники) Недоліки: нужно очень аккуратно обращаться с проводом, особенно возле джека
5, то, что нужно...басс просто шикарен Переваги: цена, качество Недоліки: нет
3, Вкладыши с мониторными наушниками, конечно, сравнивать нельзя, но как для вкладышей - звук нормальный, и в целом слушать можно. АЧХ немного уехала в сторону ВЧ, но средненькие басы тоже присутствуют. Думаю, своих денег они стоят. Переваги: Невысокая цена, нормальное звучание Недоліки: На морозе замерзают, и по задубевшему проводу отлично передаются все вибрации, трение об одежду, и т.д.
5, Купил , первый день как использую их. Звук просто великолепен . Провод не плохой, не запутывается , не твердый , легко сгибается , что только радует , так как раньше использовал наушники другого производителя и постоянно сталкивался переломом провода, тут же это сведено к минимуму ) В ушах сидят отлично, не выпадают , комфортно , шумоизоляция на высоте . Басы -мягкие , громкость тоже радует. В общем , лучше за такую цену не найти ) Переваги: Мягкость провода , отличное звучание, цена. Недоліки: Не обнаружил
5, Отличное сочетание комфорта-цены и удовольствия Переваги: Удивительно не плохо показали себя на всем возможном для них диапазоне, 3 типа сёмных насадок дают возможность подобрать оптимально комфортный вариант Недоліки: Недостатков нет. К наушникам такой ценовой категории нужно относиться с пониманием и осторожностью
4, Хороші навушники за свою ціну! Рекомендую Переваги: +2 пари змінних амбюшур Хороший чіткий бас Недоліки: Як на мене немає
4, Лучшие вкладыши в цене от 50 до 200 грн. Переваги: Хороший звук, обгоняет даже JVC Xplosives HA-FX101. Громкие, даже очень. Качество на порядок выше чем у конкурентов в этой цене. Стильные. 3 пары амбушюр. Хорошо сидят в ушах, не выпадают, не давят. Можно носить под шапкой (только не больше 2х-3х часов иначе уши болят). Не так жалко как более дорогие модели. Недоліки: Мне бы хотелось более выраженные средние (тут помог эквалайзер) и провод плоского типа (тот, который не запутывается).
5, Были такие же - доволен всем! А главное, что на морозе оплетка провода не дубеет и не рвёт их. Жаль - посеял. Буду покупать такие же!
5, очень понравились! Цена приемлемая как для таких наушников. Не дорого и качественно.
5, всем-всем-всем... Переваги: отлично слышно бас , хороший звук , советую ... Недоліки: недостатков нету , как для меня )
4, Якість звучання не здивувала. Мабуть за таку ціну якість кращою не буде. Провід не твердий, а м'ягкий. Це зручно. Три типи амброшур. При вимкненому звуці, навколишнє середовище не надто чутно Переваги: + якісне виготовлення + зручна форма (зміщення в вусі достаньо природне) Недоліки: - якщо комусь важливо, то немає кліпки для причеплення
5, Користуюсь ними вже пів року майже кожного дня.Дуже подобається стиль та зручність. Переваги: Стиль наушників,3 насадки,добре сидять,зручно в них ходити чи бігати.За таку ціну наушники супер! Недоліки: Покищо не помітив.
5, користуюсь такими більше року - жодних нарікань, ці купив на заміну для Transcend T-Sonic 350 8GB Blue Переваги: надійні і якісні Недоліки: відсутні
5, Пол года назад купил такие девушке. Работают отлично. Решил и себе такие взять.
5, Полностью доволен покупкой. Все звучит прекрасно, прошел несколько километров, жевал, говорил, ни разу не выпали из ушей. Отличная покупка. Переваги: 3 насадки для любого типа ушей; Стандартная насадка сидит очень хорошо; Хорошее шумоподавление; Отличное звучание, четкое, слышно все звуки; Наличие разных цветов; Эргономичность; Удобная конструкция, которая совпадает с формой ушной раковины; Штекер наклонен в бок, что делает использование наушников удобнее, и увеличивает срок их службы Недоліки: Тонкий провод; Относительно короткий провод;
4, Провод только мог быть немного по лучше.. Уши действительно не плохие... и звук мне нравиться. по сколько того что брал для телефона. не хватает микрофона а так все супер... Переваги: Уши действительно не плохие... и звук мне нравиться. Недоліки: по сколько того что брал для телефона. не хватает микрофона а так все супер...
3, Наушники работают. Это и ожидалось.
5, Мінздрав рекомендує! Переваги: хороша якість звуку, добре сидять в вухах і не випадають Недоліки: швидко запутуються ))
3, покупал с своей девушке, сам лично разочаровался Переваги: цена,яркие, девушка была довольна Недоліки: лично мне не понравился звук, бас практически отсутствует, но за такую цену хорошего звука быть и не может
5, Очень впечатлен такими наушниками еще и за такую цену, спасибо. Переваги: отличное звучание, +3 разные насадки.
5, Отличный удобные наушники, но мне Panasonic RP-HJE120E-K больше нравиться)) Переваги: Звук, цена, форма. Недоліки: Страшно за шнур, боюсь что порвётся.
5, Навушники кльові, якість звуку на достойному рівні, баси гарні, хоча я люблю щоб вони були більшими ) Переваги: Висока якість, низька ціна.
5, Рекомендую! Звучание за такую цену просто обалденное - Panasonic порадовал). В сравнении - вкладыши Sony за 180 грн - полный отстой (подарены для телефона), а на этих высокие намного чище, четче (на сонях да и не только выковыривал прокладки что б высокие были лучше, здесь - нет), не шипелявят, бас нормальный, громкость выше чем у Сони, лучше сидят в ушах. Слушаю на плеере Walkman иногда ПК.
4, Ожидал большего от них....
5, Отличные наушники за свои деньги!!! Басы просто супер, шум окружающих не слышно, ваукуум на высоте в них можно даже спать!
5, За такую цену это отличные наушники, удобно в ухе сидят, рекомендую! Переваги: Звук тяжело отличить от профессионального. Недоліки: За такие деньги, пока-что минусов не нашел.
5, Отличные наушники для недорогого плеера.Пряитные на внешний вид,очень удобные,со своей задачей справляются на ура!В комплекте 3 пары амбюшюр разного размера.
5, хорошие, удобные наушники Переваги: хороший звук за недорого
5, Хорошие наушники,покупкой доволен. Переваги: Набор мембран,хорошее звучание. Недоліки: Провод выглядит непрочным,боюсь что порвется.
4, В целом как временная замена Nikia BH-503 которая треснула - вариант неплохой! Переваги: Неплохое звучание за такие деньги! Для покатушек в метро - самое то! Недоліки: Хлипковатый штекер и провод, но держится лучше любой другой дешёвки, да и звук у ник не как у типичного "китая".
3, за такие деньги норм Переваги: красивые Недоліки: звук
5, Хороший звук,качественно для сравнительно малой стоимости. Переваги: Низкая цена-хорошее качество воспроизведения,достаточно мощные. Недоліки: Тонкий шнур
1, купила сегодня эти наушники и пока что в них не воспроизводится музыка, а вот когда вкл радио то всьо даже очень хорошо слышно, незнаю что делать с музикой:? Переваги: хорошый бас
5, Дуже сподобалися навушники! Неймовірно чудовий звук, який мене надзвичайно сильно приголомшив якістю, чіткістю та басами. Якихось натяків на ехо-звучання НЕМАЄ!!! У вухах сидять надійно, без спроб вилетіти звідти, навіть під час бігу. В інших магазинах такі навушники коштують більше, тому, крім самих навушників, сподобалася їх ціна на РОЗЕТЦІ, за що їм окрема дяка та низький уклін!) За таку ціну, на мою думку, один із лідерів!
5, 31.10.2013 Всем привет Тока тока приехал дамой ездил на розетку купил такие наушники,когда ехал дамой слушал в них Trans,Скажу откровенно звук клас бас клас >ДИЗАЙН СУПЕР< За такую цену не ожидал. Будет бабло обязательно куплю еще пару :) Переваги: Бас---Звук--Дизайн--Качество сборки--Цена--Удобно сидят в ухи-- :) Недоліки: НЕ хочу искать--Все супер
4, Отличная модель, невозможно сломать, и не призывают купить что-то подороже. Звучат лучше, чем можно было ожидать от таких крошек. Переваги: Уже два года активно пользуюсь - ни провод, ни мембраны не сломались. Звук не намного уступает идеалу, который можно желать получить от микроакустики. Хорошо слышны и басы, и высокие частоты.
5, Супер!!! Классные наушники! Очень понравились своим звучанием. У меня слух не идеально музыкальный, но если бы мне дали сравнить наушники Master Beats и эти Panasonic, то я бы почувствовал разницу разве что в цене.) Решился брать эти после моих Самсунгов, которые в очередной раз поломались( Вот эти у меня были Samsung EHS60ANN. При чем 2 пары. И в общей суме они проработали у меня 9 месяцев.( Очень надеюсь, что эти Панасоники меня не разочаруют) Берите! Не пожалеете! P.S. Испытал на Samsung Galaxy Ace 5830i - всё работает) Переваги: Отличное звучание; 3 пары резинок; Цена; Отлично сидят в ушах! Недоліки: Пока не обнаружил.)
5, Наушники просто Супер !!!! За такую цену ничего лучшего не найти !
5, Супер!!!!!!!Користуюсь більше року.Чудова якість звуку. Надійні у використанні Переваги: Зручні, особливо для бігу Недоліки: нема
5, Купил,пользуюсь,наслаждаюсь качественным звуком! Переваги: Очень удобные. Недоліки: Пока не нашел.
5, за ці гроші кращих просто немає Переваги: якісний звук, хороші баси Недоліки: немає
5, Купил себе такие наушники, но не в Розетке, о чем очень жалею. Переплатил больше, чем в 1, 5 раза. Хотел именно Панасоники, т.к. раньше уже были у меня наушники этой марки. Отслужили верой и правдой около 4 лет, пока их случайно не раздавили. Что касается этой модели - берите, не пожалеете. Звук отличный, очень удобные ( в ушах практически не ощущаются). Динамики овальные - за счет этого резинки не вылетают. Эстетично сидят в ушах)
5, Хорошие наушники за свои деньги. Всегда пользовался Panasonic, качество лучше всех. Грех на что-то жаловаться :) Покупайте! Переваги: Яркие, громкие, удобные в ушах. Недоліки: Немного жесткая резина провода ( но это мелочь)
4, советую к приобретению Переваги: Отличный диапазон звука для такой цены, коннектор хорошо держится и не перетерся уже за довольно приличное время) Недоліки: Пока не обнаружено
5, скажиnt, пожалуйста, они подойдут к телефону LG p350 ?
5, Панасоники они и в африке панасоники Переваги: Отличное качество звука - за такие деньги сихайзеры или косы и нервно курят в сторонке
4, А в живую они симпатичнее, чем на картинке. Когда заказал, то сомневался в решении, а когда пришли — внешне очень понравились. Довольно таки не плохие наушники, но не без минусов. Нет, в звучании их нету, играют чисто, бас хороший. Переваги: Чистое звучание, хороший бас, удобно лежат в ухе. При вытаскивании из уха, резинки не слетают. Недоліки: Провод тонкий и твёрдый, из-за чего сохраняет свою недавнюю форму, например, если наушники лежали в кармане клубком или в аккуратно сложенном положении.
5, Купив сьогодні, навушники супер!! Переваги: Відмінні баси, компактні. На вигляд хлипкі проводи, але це не так! Недоліки: Немає.
5, Отличные наушники. Раньше не пользовался вкладышами, эти дискомфорта не создают, удобно лежат в ухе, при ходьбе не выпадают. Брал для планшета, звук отличный. На 100%. Переваги: Г- образный штекер. Длина шнура достаточная. Надёжно крепятся резинки. Недоліки: Не обнаружено.
5, Достойный товар за такие деньги. Звук отличный, удобные, в том числе и для бега. Если слух не музыкальный ("идеальный"), то не вижу смысла покупать дорогие наушники, поскольку большой разницы вы не почувствуете. Переваги: цена-качество, насадки разного диаметра для уха. Недоліки: не обнаружил.
5, мені вони дуже сподобалися! Переваги: фіолетові! Недоліки: немає
5, Отличные наушники, звучание за эти деньги просто превосходное.
5, Отличные уши! брал правда не здесь. Переваги: хороший мягкий провод, превосходно сидят в ушах, качественное звучание! Недоліки: их нет!
5, Купила сьогодні ці яскраві навушники до оранджевого телефону Samsung galaxy ace duos і я в захваті! Спочатку біла підозріла ціна, здивувалася чому так дешево, але можу запевнити навушники якісні! Переваги: - зручні (в кого маленькі вуха - це просто знахідка) - яскраві, легенькі, стильні - хороший звук
