5, Лучшие наушники в эту цену! Переваги: звучание и цена Недоліки: тонкий провод, но лучший за эту цену
5, Перечитав кучу отзывов начала сомневаться что за небольшие деньги можно купить недорогие наушники)) а зря. Покупала для прослушивания на смартфоне, ни на секунду не разочаровалась, чистый громкий звук, нету хрипов при максимальной громкости. Единственный минус для меня, что при ходьбе, когда тихо играет музыка, трение правого проводка об одежду немного отдает в правый наушник, но это очень незначительный минус, скорее придирка моя)) Вообщем даже не сомневайтесь, если нужны недорогие уши с хорошим звуком, вам сюда Переваги: цена, удобство, звук Недоліки: не обнаружено
5, Уже пользуюсь больше трех лет!!! Качества звука за такую цену просто супер! Прочность проверена и в спорт зал хожу, ни раз зацепила провод гантелями, тьфу тьфу не похвалить и звук не поменялся. Берите не пожалеете. Переваги: Звук, цена, качество Недоліки: Нет
5, Брал на подарок. Всерьез задумался о покупке еще себе. Переваги: Качественный и приятный звук.
5, Отличный выбор за такую цену! Переваги: Хороший звук, дизайн Недоліки: Тонкий провод
5, Чудовий вибір як на такі гроші! Рекомендую! Переваги: Висока якість звуку, гарна передача низьких частот навіть на максимальній гучності, зручний дизайн, приємна ціна Недоліки: Не виявив
5, Чудові навушники з приємними мякими низами, добре ізюлюють від навколишнього шуму, провід на морозі не твердне. Попередні такі ж прослужили 4 роки доки не погризла дитина. Ось купив ще дві пари, доставка новою поштою 1,5 доби. Дата виготовлення на упаковці Січень 2017. Переваги: Якість виготовлення, ціна, якість звуку
5, Я доволен Переваги: Хороший звук, удобные, неплохой дизайн Недоліки: тонкий провод,
5, Отличные наушники за свою цену. Когда купила, то думала сломаются через месяц - провод и разъем хлипкий да и вид у них был недолговечный. Не знаю, у кого как, но у меня проработали почти 1.5 года! Купила их в начале апреля 2016, сломались вот только неделю назад, да и то не полетел один наушник, а просто в правом резко сел звук.Кстати, звук не самый громкий, но качественный. Переваги: Неплохой звук, долго прослужили Недоліки: Не самые громкие
1, Очень хлипкие и недолговечные. Провод на разъеме поломался через три месяца.
4, Отработали 6ть месяцев,и внезапно провод на одно ухо отошел.
5, Звук чистый, хоть и без изысков. За такие деньги - лучшее решение. Переваги: Замечательные наушники за свою цену. Лучше не нашёл в этой ценовой категории. Недоліки: Не обнаружил.
4, За такую цену очень хорошие наушники. Звук чистый, не рыпит. Рекомендую! Переваги: Цена Недоліки: Не обнаружила еще
5, По моему лучший выбор за эти деньги Переваги: Хороший звук для своей цены, относительно надёжные,год уже работают. Недоліки: Не обнаружил
1, Жахливі навушники...на п'ятий день перестав працювати правий без жодної на то причини
5, Купили уже 3-и наушники. Себе, мужу и сыну. Первым наушникам, которые купила мужу, уже почти 2 года. И до сих пор исправно работают. В качестве "походных" очень даже нормально. В дороге, на природе и т.д. замечательно выручают. Переваги: Нормальные "походные" наушники.
5, Покупаю эту модель не в первый раз, из-за хорошего качества звучания за приемлемую цену. Немного удивило, что одна и та же модель, но разных цветов стоит по-разному. Порадовало, что заказ пришёл на следующий день. Переваги: Звучание отличное, чистое, хорошие басы, комфортно сидят в ушах, не высокая цена. Недоліки: Как и у многих других моделей - очень тонкий кабель, быстро выходит из строя место стыковки со штекером.
4, Почти идеальное соотношение цена/качество Переваги: Цена, удобный штекер
5, хорошие уши за свою цену, но баса практически нету, хотя это и не сильно важно - эквалайзер вам в помощь) Переваги: цена, звук, дизайн Недоліки: их и нету в общем
4, Пройшло 2 місяці з покупки. Навушники працюють. Звук середній.
3, В ушах лежат удобно, качество звука, как и ожидалось, ни о чем. Полностью соответствующие своей цене наушники-однодневки. Вроде бы неплохие, но поставить оценку выше троечки -- рука не поднимается. Переваги: Цена Недоліки: Качество
4, Маю ще SHE3900 то різниця значно відчутна в якості кабеля, я рекомендував саме SHE3900!!! Переваги: Ціна Недоліки: Якість матеріалів
2, Якість звуку досить посередня, без якісних низьких, але дуже гучні. Плюс довгий і тонкий шнур.
5, Покупал дочке в Розетке. Она теперь другие не признает. Звучание отличное. Переваги: Звук чёткий, звонкий. Стерео. Недоліки: нет
2, Пришли мне на днях. Я разочарован. Звук - ну он вроде и ничего, но сродня моим старым ноунеймам за 90 грн. Не знаю, почему у этих такая цена , возможно из-за того, что бренд узнаваемый. На деле басы конечно услышать можно, но удовольствие так себе. В общем звук - ну такое. Бюджетный - они и в Африке бюджетные. Шнур - он даже вроде как жесткий, скручивает даже, НО при этом очень тонкий. Нужен холдер. Иначе пара доставаний из кармана зауженных джинсов и может случится беда. О шнурах, которые идут непосредственно к наушникам - вообще молчу. И пожалуй самое страшное - форма той части, которая вставляется в ухо. Мне кажется тот, кто её придумал сам ими ни разу не пользовался. Форма жутко неудобная, сглаженная, круглая, выступов нет, скользкая. Взять их со стола или вытащить из ушей очень сложно, ибо не за что ухватится. Разве что только за шнур дергать. Может девушкам с ногтями будет проще, но остальным не завидую. Итог: мало того, что звучание так себе, так ещё и умудрились придумать кошмарно неудобную форму. Одна надежда только, что бренд себя оправдает и проживут хоть пол года. Переваги: Даже не знаю, что сказать Недоліки: Форма, кабель
2, Сначало было с наушниками все супер прошло пол года сначало одно ухо не роботаеть и потом не роботаеть 2 ухо то я вам не советую покупать наушники Переваги: Нету Недоліки: Ухо не роботаеть
3, На твердую троечку. Переваги: Звук довольно неплохой Недоліки: Штекер прямой, а это означает, что интенсивное использование устройства рано или поздно приведет к неисправности провода, том месте, где он соединен с штекером.
4, Шикарные наушники за свои деньги. Переваги: Звучание, комфортность Недоліки: Нету
1, звук сродни наушникам за 50 грн Переваги: нет Недоліки: низов 0
3, покупал в январе, накрылся провод возле штекера (если потормошить его там - все ок), не работает один наушник. Вопрос к розетке - это гарантийный случай? Переваги: относительно малая цена, дизайн, удобство Недоліки: качество звука на свои деньги, кабель
5, Очень не плохие уши за свои деньги. Звук достойный. Но основным преимуществом является их легкость, очень комфортно носятся. Переваги: компактность, легкий вес, качество звука
4, Свою цену оправдывает
1, Смотря с чем сравнивать! По звуку мало чем отличаются от любых других! Большинство не заметят отличия! Были ergo, a4tech, koss the plug. В косах звучание намного круче но дороже! Из затычек они лучшие что я слышал! А вообще советую косс порта про! Они реально лучшие!!! Переваги: Внешний вид Недоліки: Плохое качество звука
5, Чудові навушники, рекомендую усім, не пожалкуєте 1000000 %. Якість відтворення стерео просто супер за таку ціну. Переваги: Співвідношення якості та ціни Недоліки: Недоліків не виявив
1, Получилось плохо, через неделю поламались Потому не советую брать, просто можете выбросить в мусорку деньги, ну или если у вас много свободного времени, то можете сьездить потом и поменять) Переваги: Хорошо играют за такие деньги Недоліки: Но не долго)) через неделю просто перестали работать
5, Покупкой довольны на 110%) Переваги: Звук очень хорошего качества. Басы огонь! Недоліки: Пользуемся уже почти полгода - всё ок.
5, Стильні на вигляд, відмінний бас Переваги: Чудові навушники за такі гроші. Недоліки: Тоненький шнур, раджу одразу після покупки поставити на штейкер пружину від ручки.
5, Хорошие недорогие наушники. Переваги: Хорошо сидят в ушах,выглядят красиво,хорошие басы и чистый звук. Недоліки: Пока нет.
2, Одразу ж після розпакування вирішила перевірити їх та вставила у телефон. На моє велике розчарування, вже з першого разу користування почав відходити кабель. Навушники працюють, але дуже часто нагадують мені, щоб я вже відкладала гроші на нові, бо під час програвання музики трапляється шипіння, коли кабель десь зачепиться рукою чи зігнеться. Я б радила не економити на таких навушниках, а купити трохи дорожче, але якісніші. Бо ціна то спокуслива, але який в цьому сенс, якщо потім заплатиш більше. Переваги: Ціна Недоліки: Кабель
5, Активно пользуюсь 7ой год, наушники пережили 3 замены штекера(в этом проблема всех наушников с тонким проводом),пережили короткое замыкание,для телефона хороший выбор,для муз. центров тоже хороший,если не включать на максимум муз центр(и на максимуме хорошо работают,но потом может изменится звук не в лучшую сторону,что легко исправить),взял их когда перестали работать наушники koss porta pro,эти вакуумные лучше koss в плане стерео звука(если у вас конечно хороший слух и вы заметите разницу),по бассам разве что уступают Переваги: очень хороший стерео звук
5, Цена-качество на 5+. Переваги: Удобные наушники с хорошим звуком за свои деньги. В комплекте еще две пары силиконовых вставок разного размера. Недоліки: Пока не нашел.
4, Во вторник заказал, вчера вечером уже пришли по новой почте. Попросили подписать 4ри документа при получении, пока разобрался что где ставить, было бы хорошо если бы какие-то пометки ставили :) Раньше просто подписывал накладную новой почты и все. Вообщем звук наушников понравился, за эти деньги звучат отлично. При трении об одежду передается шум как в стетоскопе, не удобно доставать из ушей Переваги: Качество звука на уровне, минималистичные Недоліки: Тонкий провод, шум при трении об одежду, не удобно доставать из ушей
5, Купила 3 шт по акции разных цветов, себе и детям. Довольно удобно посадка в ухе, нормально слышимость и чистота звука. Да и покупать детям дорогие нет смысла, все равно потеряют или порвут, а здесь отличное качество за небольшие деньги. Я советую! Переваги: Цена-качество Недоліки: не заметила
4, Працює все ок! Переваги: Добре лежить у вусі, звук - норм. Недоліки: Кабель не викликає впевненості у міцності.
5, Прекрасные бюджетные наушники! В сочетании с большими басовыми насадками и правильно настроенным эквалайзером на плеере выдают отличное звучание. Полностью оправдывают цену, возможно даже больше :) Переваги: Великолепное звучание за эту цену! 3 вида насадок в комплекте Недоліки: Спустя 7 месяцев использования ВНЕЗАПНО перестали звучать оба наушника
3, Купился на хорошие отзывы, и вот вам мой отзыв: Первое на что обращаешь внимание - отличная конструкция. Форма позволяет даже спать в них, для уха дискомфорта не будет, шумоизоляция в них - просто отличная. Звук в них приличный, достаточно детализован, хотя и басы не супер. Но на 4 из 5-ти. Учитывая цену - это супер результат. Я слушаю музыку целый день, и могу сказать что ушы в них не устают, что тоже важно. Громкость нормальная. Все испортил кабель) Наушники перестали нормально работать через неделю бережного использования. Передавился кабель возле входа в телефон Переваги: Конструкция, звук, цена Недоліки: Кабель
5, Отличный звук. Кто пишет мол качество никакое ... вы там через плеер за 20 грн. музыку слушаете? :)) Качество звука напоминает более дорогие наушники. Провод очень мягкий и на первый взгляд доверия не вызывает, хотя пишут что долговечные ... В общем звук на высоте! Переваги: Звук, цена, удобсто Недоліки: За эту цену нет
5, Чистый звук, слышно басы Переваги: . Недоліки: как по мне тонкий провод.
5, Сегодня получил, розетка как и всегда на высоте, быстрая передача товара, обработка заказа - СПАСИБО, профисионалы! Как по мне вполне добротные уши как за 111 грн. Звук чистый, на полной громкости не рипят, настроил эквалайзер и нармалёк - я не меломан, взял для ежедневного использования в смарте, ноуте для просмотра ютуб, что бы не мешать спать ребёнку. До этого тоже были такие же филипсы и прослужили месяцев шесть, только заметно у этих шнур мельче, но думаю будут служить не меньше. Данный товар однозначно рекомендую - соотношене цена-качество. Всем приятного шопинга в инт.маг. Розетка. Переваги: Цена, качество звука Недоліки: Не заметил
4, Отличный звук (на LG L7 P715)! Недоліки: Тонкий шнур
5, Отличные наушники в сегменте бюджеток. Отличные низы, хороший и не искаженный звук. Единственно что порекомендую - после покупки сразу же поменяйте вкладыши на вкладыши бОльшего размера, которые идут в комплекте. Во первых будет намного лучше звукоизоляция от внешний шумов, во вторых сразу же улучшатся басы. Так что если хотите взять хорошие и недорогие наушники - берите, не пожалеете. Переваги: Отличный звук, хорошие басы, мягкий провод, цена Недоліки: Нет
5, звучание супер. за такую цену наушники крутые. Переваги: бас Недоліки: не заметил
5, Уже три года пользуюсь наушниками филипс. Живучие. Эти купила неделю назад, понравились - качественный звук, бас хороший, очень даже хороший как для таких крохотуль. Форма очень удобная. Переваги: Басы, форма Недоліки: Нет
3, Ранее себе брал такие в октябре 2016, в мае 2017 они пришли в негодность. На девайсах громкость максимальна, а в наушниках воспроизведение звука еле-еле слышно. Музыку слушаю каждый день по дороге на/с работы. Хотя гарантия год, купил новые. Посмотрим сколько протянут. Переваги: Отличный звук, хорошие басы. Отличный вариант за такие деньги. Недоліки: Тонкий провод, недолговечны.
5, Отличный товар. Брал больше 2х лет назад . До сих пор отлично работают. Хороший звук. Переваги: Цена, качество, звучание. Недоліки: Нет
5, Звук отличный, наушники очень удобные, за такую цену вообще замечательно. Переваги: цена, удобство, звучание.
1, Доверился отзывам . Купил. Звучание ужасное. Басов нет . Совсем. Переваги: Нет Недоліки: Плохой звук
5, Нормальные наушники за эту цену. Брал летом, отзыв решил написать только сейчас. Для хорошего звуания нужен хороший источник звука. Переваги: Хороший провод и звук. Достаточно прочные. Недоліки: За такую цену и характеристики - грех жаловаться)
5, Купувала для донечки 9 років. Нормальний звук, багатий вибір кольорів
4, За такую цену - очень даже ничего )
5, Уже перепробовал десятки наушников, у этих лучшее звучание и цена усредненная. Громкости вполне хватит для тех кто на всю слушает, четкость просто великолепная даже на максимуме. Но очень тонкий хрупкий провод, быстро перегибается на штекере, это уже третьи за 2 года. Переваги: Качество звука, громкость Недоліки: Тонкий, хрупкий шнур
5, Уже моя третья пара наушников, каждые служили по 7-12 месяцев. Попробовала перейти на Сони в такой же ценовой категории - вернулась к этим. Переваги: Отличный звук за такую цену, удобно сидят в ухе.
5, Любимые наушники. Звучание просто супер за такую цену. Главное преимущество, на мой взгляд, - это каплеподобная форма, которая позволяет носить наушники долгое время без болезненных ощущений. Если вы любите слушать музыку лёжа в кровати, то этот вариант для вас, наушники не торчат из ушной раковины, поэтому не создают никакого давления в случае, если вы прислонились ухом к какой-либо поверхности, будь то подушка, или сиденье в автобусе. Такие же наушники прошлого поколения (SHE3500BL) исправно работают уже четвертый год, за всё это время с ними не было никаких проблем. Рекомендую к покупке. Переваги: Цена, удобство, звучание
4, хорошое звучание за таку цену Переваги: Легкие, отлично сидят в ушах, 0 дискомфорта Недоліки: УЖАСНАЯ упаковка
4, Хорошие,не дорогие наушники.Рекомендую =) Переваги: Отличный звук как за свою цену;надёжность. Недоліки: Очень слышно шуршание при трении проводов.
1, Недостатка всего два, но зато критичных 1. Не держится нормально в ушах ни с одним из комплектов вкладышей. Если с ними бегать, это вообще жесть. При этом у более старшей модели того же филипса с этим вообще проблем не было 2. Через полгода не очень активного использования сдох один динамик По факту жалею что купил Переваги: Цена разве что Недоліки: -
4, Обычные наушники. За такую цену норм.
5, Наушники звучат на свою цену. Звук на порядок лучше дешевых, которые были до этого. Из минусов могу отметить хрупкую конструкцию. Рекомендую. Переваги: Хороший звук за свою цену; легкие и маленькие Недоліки: Хрупкая конструкция;
5, Лучшие наушники в эту цену! Особенно со скидкой. Спасибо "Розетке" Переваги: Хороший звук Недоліки: Пока нет
3, Уже была пара из этой же серии. Не прожили и года - сначала пришлось переделывать провод возле штекера (искать внутренний залом), и чуть позже просто перестал играть один из динамиков. Гарантия - 1 год. Если снова не проработают положенный срок, буду возвращать по гарантии. Переваги: Достаточно чистое звучание. Недоліки: Средних и басов практически нет. Главный недостаток - очень хлипкие и требуют поэтому весьма деликатного и бережного обращения.
5, Придбав на розетці, задоволений!
5, цілком задоволена за таку ціну Переваги: +ціна +звук +зручність +якість Недоліки: -на рік роботи
4, Користуюсь півроку без нарікань. І це після Koss, анатомічних вкладишів, що часто забруднювалися, звук цілком пристойний. Можна робити якийсь захист, щоб не заломлювався провід біля штекера, я поставила пружинку (або резинку від ручки) в перший же день, і тому провід досі ідеальний, якби не було то вже би переломився. Переваги: Класика. Звук. Дизайн Недоліки: Як і у більшості - не надто надійний захист від заломлювання, біля штекера
5, Наушники просто ништяк, бомба, чистый звук и бассы отличные. Правда служат они около года при активном использовании ( по крайней мере у меня). Переваги: Каждый раз когда покупаю, включаю музыку и сразу ощущение что-то качественное _)) Недоліки: +- 1год службы
5, Рекомендую Переваги: Громкие Недоліки: Нет
4, Брав у травні минулого року. Тиждень тому перестало працювати ліве вухо. Пробував рухати проводок по всій довжині, думав можливо переламався. Сьогодні замовив ще одну пару цих же) Переваги: Хороший звук Недоліки: Заплутуються)
2, Наушники по звучанию очень даже неплохие, но прожили меньше 3 месяцев, по этому крайне не советую к покупке. Переваги: Хороший звук, плотность звучания. Недоліки: Наушники прожили меньше чем 3 месяца, потом один из наушников перестал работать
3, Неплохие наушники за небольшую цену. Недоліки: за несколько месяцев использования стерлись надписи бренда.
4, если отслужат три месяца буду доволен
5, Если перестало работать правое ухо, я могу их вернуть по гарантии? Прошло 5мес. Переваги: Очень хорошие. Недоліки: Перестало работать правое ухо после 5мес.
5, Спасибо Розетке за качественную и оперативную работу по оформлению, информированию заказчика и доставке. Переваги: Товар хороший, всё отлично работает. Недоліки: Не обнаружил, надеюсь их не будет долгое время
5, Очень хорошие наушники . Цена , Качество очень хороший звук Переваги: Звук, Цена Недоліки: Провод
5, Только что купил, покупал не здесь, звук очень удивил! Переваги: Звук! Недоліки: Не заметил
5, Все работает, всем довольна. Звук, как для таких наушников, хороший.
3, В общем для прослушивания подкастов и попсы качество звука неплохое, но не более. Провод выглядит не слишком надежный хоть и гибкий. Рекомендую подумать если для вас важно качество звука. Переваги: Неплохо выглядят, легкие, небольшой размер, не выпадают из ушей Недоліки: За эти деньги не самый лучший звук, провод гибкий, но внешне как из прошлого
2, плохо сидят в ухе. трещат... не покупайте наушники дёшево Переваги: не дорогие Недоліки: наушники с ужасным звуком . плохо сидят в ухе. трещат...
5, Самые лучшие наушники за такую цену. Особенно если у Вас в телефоне присутствует функция Beats Audio.
5, Отлично отработали 2,5 года пока ребёнок не нашёл под подушкой и не погрыз провода, но они всёравно работают. С погрызенными походил ещё 3 месяца но жутко неудобно с термоусадкой из-за которой провод не такой гибкий как прежде. Потому покупаю ещё одни. Выбирал как самые компактные с хорошим звуком чтобы можно было лечь спать, или под шапкой чтобы не мешали - и они действительно полностью топятся в ушном проходе и не мешают и не выпадают. За всё это время лишь потемнели резинки на выходе наушников. Штекер и кабель возле него живуч! Переваги: Кабель не дубеет на морозе, многожильные долговечные провода, силиконо-подобная изоляция не даёт наушникам запутываться, компактные, отличная изоляция от внешней среды Недоліки: бас показался слишком сильным, в плеере уменьшаю
5, У этих наушников даже провод запутывается меньше Переваги: Отличные басы. Для Дабстепа и рока самое оно. Ещё и цвет шикарный, даже ярче чем на сайте. Недоліки: Пока не нашел
5, Покупаю второй раз. С первыми проходила чуть более 2 лет, пока не перестал работать один наушник. Переваги: Цена, внешний вид, громкие Недоліки: Слабый провод
3, Они яркие и внешне красивые, но звук оставляет желать лучшего, ну и чтобы влезли в ухо пришлось одеть на них самые маленькие накладки. Переваги: Внешний вид Недоліки: Звук
3, Отработали 3 месяца проблемы с шнуром, сначала перестал работать левый наушник, потом и правый.. Переваги: Хороший звук за эту цену Недоліки: Выпадают из ушей
2, Пользуюсь уже долго, но как по мне ничем не лучше китайских за ~80 грн. Слишком сильные высокие частоты, басов нету, звук сильно режет уши. За 200 гривен можно найти получше. Переваги: Выживаемость Недоліки: Звук, плохо сидят в ухе
5, Очень понравились наушники, определенно советую, хороший звук с хорошей звукоизоляцией. Большего от наушников и не нужно Переваги: Хороший звук, хорошие басы, полностью погружает в музыку, отличная звукоизоляция. Недоліки: Провод закручивается.
2, Не понимаю чем тут в отзывах восхищаются. Цена да, но звук?! Может конечно мне брак попался, но звучат они как обычная китайская дешевка. Очень разочарован. Переваги: Цена Недоліки: Очень унылый, плоский, сипящий звук. Басов нет вообще.
5, Нормальні навушники. Беріть - не пошкодуєте. Переваги: Ціна, якість БАС Недоліки: Не виявлено.
5, Шикарное соотношение цена/качество. Когда провод заживало дверью шкафчика и он стал гармошкой, думал наушникам конец, а нет им хоть бы что, работают как ни в чем ни бывало. А ведь на вид провод хлипенький. Переваги: Качество звука за такую цену Недоліки: Пока нет
5, Советую всем Переваги: Доволен недороги прикольни звук хароший Недоліки: Немае.
5, Наушники довольно хорошие, за эту цену лучше не найти, заказывал сестре, были такие же, больше года назад брали в мвидео, недавно перестал работать один наушник, решили взять такие же, и они классные, лично у меня sennheiser cx-300 этим филипсам конечно далековато до них, но и разница в цене почти в 5 раз, вобщем советую всем кто хочет недорогие наушники с хорошим звуком. Переваги: Звук, качество, надежность, долговечность, цена. Недоліки: Не обнаружено
4, В целом наушники выдают объемный диапазон частот и для обычного человека их вполне хватит слушать качественную музыку. За басы скажу что они есть, но не знаю устроят ли они любителей хардкора в плане баса. Переваги: Качество елементов Недоліки: На ощупь слабоватый провод но посмотрим в деле
5, Приємно здивували...
5, Отличные наушники, пользуюсь почти полгода. Звух хороший, кабель такой что почти не запутывается.
3, Хороший звук та бас. Думаю, для молоді саме те. Купив вже другі, але більше двох місяців щоденного користування жодні ще не витримали.
5, Непогані. Ціна і якість повністю задовільняють. Не вперше керуююсь рейтингом при виборі в розетці. Не розчарована. Переваги: Хороший звук. Недоліки: Нема
5, Хорошо что цвет такой--на столе отличаются от зарядного устройства для телефона Переваги: Хороший звук Недоліки: Не обнаружил
4, Хорошие наушники как для своей цены Переваги: Нормальное качество Недоліки: Не заметила
5, Брала в марте, использую до сих пор. Все нравится, нареканий нет. Хорошие "уши"! Переваги: цена, хорошее звучание, удобные Недоліки: нет
5, С Xiaomi 3x работают нормально) Переваги: Приличный басс Недоліки: Ноу
3, Совеместимы ли они с Lenovo ??
2, Купил в августе, сегодня перестал работать правый наушник. Какая цена - такое и качество. Переваги: Недорогие, звук неплохой Недоліки: Качество проводов, разъема
4, Хорошие "уши" Переваги: Отменный звук за свои деньги,отличная шумоизоляция,из ушей не выпадают,как писали некоторые. Недоліки: Не слишком надежный провод
5, Просто без слів, кращі навушники за таку ціну. Єдина стандартна проблема всіх навушників з прямим штекером - це те що біля нього перегинається шнур і з часом ламається. Вирішення припаяти г-подібний штекер і вони стануть просто ідеальними
5, Пользуюсь наушниками неделю, звук не плохой, но супер тоже не назовешь, до этого пользовалась sennheiser cx 310. В сравнении конечно "земля и небо"... За такую цену звук норм. Басы есть. Переваги: Цена Недоліки: Пока нет
5, За эту цену достойнее не найдешь.До этих пользовался Philips 3-года,отслужили отлично,но время им пришло...И думаю после этих буду брать Philips.Звучание на высоте. Переваги: Хороший звук. Недоліки: Не обнаружено
5, Подойдут ? Мобильный телефон Microsoft Lumia 550 White. Спасиба Переваги: Норма Недоліки: Пока нет
3, Прослужили не долго, через 5 месяцев активного использования перестали работать Переваги: Цена, звук, удобные при прослушивании Недоліки: Качество проводов
5, Подойдут ли наушники к телефону honor 3c lite
5, Класс! Переваги: Хороший звук,длинный провод,выжили после стирки:) Недоліки: Нету)
1, Если мой любимый бренд Филипс решил отступить от своих принципов и сделать слабый по качеству товар, то у него получилось отлично! Басов нет вообще, играют как фанера. Хотя, судя по отзывам, есть много людей, которым нравится, то есть те, которым все равно. Это товар для них!
3, Наушники неплохие, но у меня долго не держатся. Покупаю уже 3 раз и каждый раз они ломаются возле разъема Переваги: Хороший звук, удобные Недоліки: Быстро ломаются
5, без коментариев Переваги: Хороший звук Недоліки: нет
2, очень неудобные и давят в ушах
4, купила недавно,сколько прослужат посмотрим... Переваги: компактные Недоліки: очень тонкий шнур
5, Чуть слабая шумоизоляция после Косов, но опять же Косы и стоят намного дороже. Переваги: Звук очень приличный за эти деньги.
5, Хорошие наушники служат уже полтора года Переваги: Хороший звук отличный басс провод мягкий не ломается как на некоторых Недоліки: Защитная решётка отклеивается
2, про "мощные басы" в описании сильно преувеличено, шнур очень тонкий, боюсь, переломится быстро Переваги: чистый звук Недоліки: басов нет практически
5, народ хто хоче бюджетні вуха високої якості, то беріть і насолоджуйтесь музикою!) Переваги: звук бомба, зручні, досить стильні та компактні Недоліки: не виявив
5, классное звучание!
4, Уже во второй раз покупаю эту модель. Всем довольна. Переваги: Красивые, удобные, хороший звук Недоліки: Хлипкие.
5, Прослужили почти 1,5 года! Очень ими довольна.
4, покупаю эти наушники уже в третий раз, не смотря на то, что срок годности у них чуть больше года) сравнивала с наушниками подороже/подешевле - звук не такой, вот нравится мне звук в этих и все, плюс цена не может не радовать) Переваги: звук, цена Недоліки: срок годности.
5, компактные, удобные, сочные басы, звук отличный, удобно носить под шапкой, беру второй раз такие, очень доволен и рекомендую Переваги: отличное и сочное звучание, компактные Недоліки: нет
1, Хватило на три месяца, после стали тише играть, спустя месяц, перестали играть вообще. Переваги: Цена, звук. Недоліки: Перестали воспроизводить звук.
5, отличный выбор Переваги: удобные, хороший звук
5, Мне всё очень понравилось наверное куплю ещё пока все не роскупили Переваги: Хороший звук и басс Недоліки: Я не вижу недостатков
3, Ничего особенного...но за такую цену сойдет.. Переваги: Звук, дизайн Недоліки: Качество провода
5, советую! Переваги: звук, цена Недоліки: нет обозначения, чтобы нащупать в темноте где какой наушник.
3, Поверил отзывам о замечательном звучании и был сильно разочарован. Говорить о наличии басов даже смешно, не помогает даже эквалайзер. Сравнил со своими старыми вкладышами (шли в комплекте с телефоном) и понял, что слушать их не смогу. Даже слушая аудиокнигу, в этих наушниках пропадает приятный низкий тембр мужского голоса. Если слушать долго, то привыкаешь и вроде бы все звучит красиво, но стоит одеть другие и понимаешь насколько богаче в тембральной окраске может быть звук. Ощущение что слушал музыку на ноутбуке, хотя рядом стоит акустика Hi-Fi. К сожалению нельзя вернуть. Переваги: Хорошая детализация на средних и высоких частотах, удобно носить. Недоліки: Очень слабое звучание в низкочастотном спектре.
5, Прекрасные наушники! Прожили у меня года полтора, и прожили бы дольше, если бы аккуратнее была) шикарный звук, плюс в них практически не слышно внешний мир - отлично для полного погружения в музыку. Единственное что, брала зеленые, и со временем чаще стали загрязняться. Но при остальных качествах это очень незначительный недостаток. Буду заказывать и дальше Переваги: звук, долговечность Недоліки: маркие
5, Покупал дочке, послушал играют достойно, она в восторге. Переваги: Классный звук, хороший басс
5, Вообщем если вы акуратный покупайте и не думайте,удачи) Переваги: Отличные наушники , с первых секунд прослушивания музыки были слышни басыы,а это самое главное,вообщем достоинства наушников на 5+). Недоліки: Самое страшное это то что шнур очень тонок.
5, Олюблені навушники були...провід не якісний а звучання не погане...люблю філіпс. Переваги: Звучання Недоліки: Ломкий провід
5, Пока все неплохо, посмотрим сколько прослужат. Переваги: Цена, неплохой звук за свою цену Недоліки: Провод (его толщина) не внушает доверия
5, Ставлю 5. Почему? Потому что за эту цену вы получаете ровный, приятный звук, с чем у большинства наушников, кроме топовых, практически всегда проблемы. Естественно, звук с провалами и искажениями, НО их характер сбалансирован, поэтому слушать можно свободно без напряга. Переваги: Достаточно ровный характер звука Недоліки: Провалы, искажённые тембры, хлипенькие провода
5, хорошие наушники
5, Отличные наушники за такую ценуи звук неплохой, пол года без траблов. Переваги: Хороший звук, провод "долгоиграющий" Недоліки: не заметил
5, 2,5 років користування в надзвичайних умовах, і нарешті один навушник загнувся. 2,5 років - це безперечно рекорд. з недоліків єдине - це те що переломався провід біля лівої вкладки, на швидкоруч їх не так просто розпутати. і все. замовив собі ще дві пари (про запас). нувушники супер. рекомендую Переваги: чудова передача басів, широкий частотний діапазон Недоліки: тонкі проводи
4, Товар качественный.Цена соответствует
4, Просто хорошие наушники за адекват денег =) Переваги: всё ок, шнур короткий не болтается Недоліки: не гарнитура
5, Советую всем. За такую цену качество высшее просто. Переваги: Качественный звук и басс. Три пары вкладышей для разных типов ушных раковин. Отлично чувствуют себя в ушах. Кабель не путается. Недоліки: Двойной кабель. Были у меня давно подобные - кабель раздоился. Но при нормальном использовании этого можно избежать.
3, Придбав собі ці наушники в принципі задоволений звук досить чистий) Переваги: Непоганий звук, яскравий колір
4, гарний вибір за такі гроші в наш час) Переваги: Гарний звук. приємний резиновий провід. не виступають з вух, можна носити тісну шапку або спати , без давки на вуха. Недоліки: поки не помітив
5, Я в шоке. Оказывается можно купить обалденные уши за такую цену. На первой минуте я плевался и подумал, что уши слабые. Не знаю что случилось потом (может вставил их получше в ухо, может "прогрелись"), но басс стал все лучше и лучше, и прослушал все свои любимые песни в них по новой. Завышеные верха убираются в эквалайзере. Реально - эти уши уделывают Sennheizer CX-200 Street II, которые я ненавидел за их неинтересный звук и скучный басс. Не могу советовать вам покупать эти уши, это дело каждого, но эти уши ОЧЕНЬ приятно удивили. Покупал зелененькие. Переваги: Отличный мягкий басс Недоліки: Завышенные верха
5, Взял как повседневные которые не жалко будет, но приятно удивили хорошо звучат и бас есть (на Asus Zenfone 2 отлично звучат), за такие деньги лучше не нашел. Рекомендую. Переваги: Хороший звук, 3 пары накладок.
4, Наушники хорошие , басс есть ,но если сделать больше 80% громкость , звук не очень . провод тоненький , микрофона нет ,да и не нужен . Будем тестировать дальше
5, Отличные наушники !!! Очень понравились... Подключил к своему старенькому Lg l90, слушал музыку в вк и в встроенном плеере на смартфоне - всё супер ! Хэви металл не ржавеет !..! Сравнивая с сенхайзерами cx200,эти наушники ненамного уступают,а разница в цене нормальная :)) Переваги: Низкая цена за такой звук. Компактный размер самого наушника. Недоліки: Нет будильника и светодиодного фонарика:(
5, Доступная цена, привлекательный дизайн! Переваги: Очень хороший звук! Недоліки: Нету!
5, Плейлист прям по-другому зазвучал. Очень хорошее соотношение цены и качества звука. А провод действительно тонкий, но если аккуратно относиться то жить будет долго Переваги: Очень качественный звук как низких так и высоких частот. Цена Недоліки: Провод не выглядит очень надёжным
4, Обычные "капельки" - ничего выдающегося. Переваги: Цена. Недоліки: Низких частот практически нет, пока не добавишь в эквалайзере проигрывателя.
5, купував 30.11.2015 для себе. слухав в усіх умовах кожен день по 2-3 години виключно цими навушниками( випробування в CS: GO, Dota 2, FIFA 16 і тд). здивувала якість данних навушників оскільки зазвичай навушники працювали в мене до 2 місяців. ці ж- пропрацювали більше півроку( лівий навушник перестав працювати а ж 18.06.2016!) рекомендую Переваги: гарний звук, ціна, вигляд, надійність Недоліки: маленькі( очікував що будуть більші)
5, За эту цену лучше наушников не найти. Переваги: Хороший бас. Цена. Недоліки: Провод выглядит не надёжным.
5, Супер! Два года держались,почти не убиваемые! Переваги: Чистый звук,что еще нужно! Недоліки: Нету
4, Брал для своей девушки в подарок, она довольна Недоліки: Боится переломать штекер, был бы г-образный, было бы самое то
4, Всё хорошо, звук радует. Но проводок не вызывает доверия. Ну если аккуратно пользоваться то всё, мне кажется, будет хорошо! Переваги: Звук, различные цвета и разные накладки в комплекте. Недоліки: Тонкий поровод.
4, Маленькие удобные, шнур тонковат, хотя если за качеством следили то может и сойдет. Можно смело засыпать в них на уши не давят изза размера. Качество звука неплохое, соответствует цена -качество. Переваги: маленькие Недоліки: не заметил пока
5, Прослужили 2 года. Переваги: Очень классно звучат. Недоліки: Тонкий проводок.
3, Наушники хорошие. За эти деньги оно. Переваги: Звук, цена. Недоліки: Провод оторвался от штекера через пол года. При долгом прослушивании болят уши.
4, очень удобные, не давят на уши можно хоть целый день ходить в наушниках и нет ощущения дискомфорта, порадовал набор резиночек в комплекте, цвет прикольный, звук хороший. Для такой цены хороший выбор, только неудобно когда поступает звонок на телефон(нужно доставать телефон из кармана отключать наушники и только потом отвечать на звонок) Переваги: размер, качество звука, цена. Недоліки: нет кнопочки для переключения на разговор, и микрофона
3, уши как уши, ничего особенного. на большой громкости пару раз начинали скрипеть. Переваги: шумоизоляция
3, Покупаю уже третью пару... Предыдущие две сломались, сначало перестал работать один наушник, потом второй... (Наушники, первая и вторая пара, по месяцев 7-8 прослужили). Использовал наушники около 12-20 часов в день! (Мож из-за этого...) Переваги: Хороший звук. Удобные. Доступные по цене. Недоліки: Ломаются часто... (Может быть это моя вина, не знаю...)
5, Пользуюсь полгода, все отлично работает. Переваги: Приемлимая цена, отличный звук.. Недоліки: Не увидел
5, за свою цену отличный товар.
5, когда первый раз включила, обалдела от звука, по стравнению с моими предыдущими найшниками очень сочный. пользуюсь месяц, пока с проводом все хорошо, посмотрим, что будет дальще. в общем - рекомендую! отличные наушники за небольшие деньги. Переваги: хороший звук, удобно сидят в ушах Недоліки: левый и правый наушники плохо различаются из-за маленьких беленьких букв L и R
5, наушники супер. раджу всім. дякую Розеткі. Переваги: чудовий звук, стильні Недоліки: немає
5, тонкий провод.но думаю за такую цену можно брать. Переваги: хорошие, качественные наушники. Недоліки: нет
5, Купил уже третьи такие наушники. У всей семьи такие теперь. Я использую с MP3-плеером. Отличные для ежедневного использования, особенно в транспорте. Довольно крепкие, но определенной аккуратности требуют. Всем рекомендую! Заметил, что в красном исполнении кабель распутывается хуже, чем черный. Переваги: Качественное звучание, приятный частотный спектр, громкие, хорошо изолируют от внешних звуков
5, Користуюсь практично кожного дня! Все влаштвовує. Якість звуку, ергономіка, розміри, колір.
4, Понравились.Очень удобные.Звук чистый Переваги: хороший звук цена Недоліки: тонкий провод
5, Недавно згубила такі навушники і навіть не думаючи над іншими варіантами купила такі ж. Звучання відмінне, баси потужні, яскраві і стильні, ціна не може не радувати! Це тверда п'ятірка, всім раджу. (якщо згублю ще й ці, все рівно куплю саме цю модель))) Переваги: Дуже круте звучання, баси, ціна Недоліки: НЕМАЄ
4, За такі гроші це ідеальний вибір! Але провід ламає всю ідельна картинку про наушники! після 3-4 місяців користування ними, відмовило праве вухо! Треба бути дуже обережним в експлуатації! Переваги: досить зручні,гарне звучання. Недоліки: тонкий провід!
5, За таку ціну це найкращий вибір. Переваги: Звук,Басс,зовнішній вигляд Недоліки: Тонкий провід і,найгірше,біля штекера сильно гнеться провід(свідчить про недовгу роботу)але з часом видно буде.
5, хорошие на свои деньги
5, отличное звучание, настроил на эквалайзере басы хорошие, громкие и в ушах сидят как влетые, очень удобно. За такие деньги отличный вариант, все нравится, не жалею что купил!) Переваги: цена и звучание, отлично сидят в ушах Недоліки: Мягкий провод, как то страшно гнется возле штекера
4, Использую с ноутом и плеером, доволен. За эти деньги, достойные наушники.Звучание на твердую четверку.Рекомендую, не пожалеете. Переваги: Быстро пришли, не дорогие, много баса,высоких в пределах нормы, хороший уровень громкости, удобно в ушах сидят, приятные цвета Недоліки: Слабый провод, короткий провод - ИМХО
5, Не ожидал- но за такие копейки уши прослужили уже пол года, живее всех живых и по качеству звука ничем не уступают мои утерянным синхайзерам подороже. Но я их использую только для просмотров фильмов в метро и не представляю, кто умудряется получать с такого рода капелек хорошее звучание музыки какой бы фирмы они не были (сужу , опять же, по синхайзерам)
5, зручно сидять в вухах, не болять вуха від довгого прослуховування, хороша звукоізоляція якісний звук ( слухаю аудіокниги ) спасибі розетці :) Переваги: якісні, зручні, красиві, не дорогі
5, Были такие же наушники ,заказ сразу 2 ,одни себе , другие брату. Не жалею о покупке и рекомендую . Переваги: Отличный звук и достойная цена Недоліки: Провод на штекере сильно гнется
5, Классные наушники! Звучат отлично!
5, За свои деньги лучше не найдете. Переваги: Отличные наушники. Взял уже три пары себе и сотрудникам, так как превую испортил в зале. Рекомендую.
5, Отличные наушники с качественным и громким звуком, пережившие за 3 месяца две стирки без ухудшения звука и вида))). Переваги: Хороший звук, хорошая шумоизоляция.
5, Брала наушники. Пользуюсь ними уже 3 месяца. Не разу не подвели. Звук отличный. Качество тоже. Несколько раз попадала вода, но качество звука хуже не стало) Советую всем брать эти наушники Переваги: Звук И качество отличное Недоліки: Нету
5, Лучшие бюджетные наушники, да и вкладыши разного размера Переваги: Качество,цена Недоліки: Устал распутывать наушники :)
5, Пользуюсь данными ушами уже больше полугода. Обычно столько наушники у меня не живут. Но эти, тьфу-тьфу. Звучат отлично, лучше вы не найдете за эти деньги, это точно. Так что, если вам нужен хороший, громкий и четкий звук - то эти Филипсы - именно то, на чем следует остановиться. Плюс цена радует Переваги: Громко, качественно, насыщенно Недоліки: Нет
5, Пользуюсь неделю, полет нормальный.Можно было поставить чуть толше провод,но радует то что провод резиновый и на морозе он мягкий, и не ломаеться. качество звука достойное. Переваги: Достойные наушники за такие деньги
5, Отличные наушники за свою цену. Соотношение высоких и низких частот довольно сносное. Даже на Lenovo P70, который не отличается хорошей звуковой картой звучат очень неплохо. Тонкий провод. Настораживает надпись: "срок службы 1 год". Ничто не вечно. Там посмотрим. Переваги: Отличные наушники за свою цену. Соотношение высоких и низких частот довольно сносное. Даже на Lenovo P70, который не отличается хорошей звуковой картой звучат очень неплохо. Недоліки: Тонкий провод. Настораживает надпись: "срок службы 1 год". Ничто не вечно. Там посмотрим.
5, Наушники с микрофоном?
4, удобные заглушки, неплохой звук. Спустя месяцев 6-7 пользования - левый наушник начинает "бить" током ))) и спустя время качество звука теряется. После 1,5 г использования выбросила и купила такие же. Уж больно привыкание вызывают )))
5, Хорошие качественные наушники за такую цену!! Очень хорошо звучат. Переваги: Качество,цена Недоліки: не обнаружила
4, Купил недавно эти наушники.В своей ценовой категории считаю одними из лучших.Качество звука отличное и хорошая шумоизоляция.Для прослушивания музыки то что надо!!!))) Переваги: Высокое качество звука,хорошая шумоизоляция.
5, хороша шумоізоляція звук хороший в загальному все сподобалось
3, Спустя четыре месяца использования, перестал работать левый наушник - это при активном использовани (каждое утро по дороге в универ, в спорт. зале, и постоянно на улице слушал музыку). Звук в наушниках мягко говоря - невысокого качества. Шумоизоляция средняя. Провод тонкий, возле штекера спустя месяц переломился. В ушах сидят удобно. Не рекомендую! Переваги: Удобно сидят в ушах. Недоліки: Некачественные!
4, покупал себе. звук понравился Переваги: клёвый дизайн, хороший звук, есть подушечки в комплекте Недоліки: слишком маленькие наушники, в штикере (штука которую в устройство вставлять) провод тоненький и боюсь сломать, плохо воспроизводить низкие частоты
5, Все достойно , но как писали ниже тонкий провод. Недоліки: Тонкий провод.
4, Використовую для ПК зі звуковою картою Xonar DS, звук дійсно об'ємнистий, але довелося крутити еквалайзер і сильно понизити посил басових та трохи верхніх частот, середину залишив як і була. В цілому задоволений. Ще є дуже маленький недолік - написано ледве помітним де ліве вухо, а гле праве ... краще б позначили якимось відтінком чи що... Переваги: пристойний звук за хороші гроші Недоліки: занадто сильно довбе басс
5, отличные наушники,хорошие бассы,за такую цену просто супер!! я довольна)
5, У меня сломались наушники от айфона, не знал какие купить что-бы звук был хорошим и не дорогие. Друзья посоветовали наушники "Philips", купил их, и не капельки не жалею. Советую!
5, Присоединяюсь ко всем положительным отзывам и хочу добавить, что покупал их давно. Представьте как Я доволен покупкой. Переваги: Маленькие, стильные, плотно сидят в ухе, отличное звучание
5, Купил и очень доволен. По началу было не привычно(очень маленькие они) но потом понял зачем, очень удобно и не зацепиш одеждой или капюшоном, удобно сидят в ушах, звук отличный, рекомендую. Переваги: удобная форма наушников, отличный звук, сменные насадки
5, Вже булитакі саме навушники, ціна-якість Зносились за рік, купив ще одні,звук шикарний, доставили швидко, дякую розетці. Переваги: Звук, дизайн, якість Недоліки: Немає
5, Купила год назад, использую каждый день в транспорте и во время пробежек. Звук отличный, басы хорошие (если музыка качественно записана). Но больше меня удивила надежность: сколько раз я зацеплялась проводом за других пассажиров и выступающие части маршруток, даже телефон вылетал из кармана - а наушники работают. Им ничего не страшно: ни дождь, ни снег, ни механические повреждения. Я отношусь к вещам по принципу "не я создана для них, а они - для меня", поэтому стараюсь выбирать качественные товары, с которыми не пришлось бы заморачиваться (там не дерни, там не стукни), и эти наушники - один из ярких примеров качества. И вообще - Philips рулит. Переваги: Надежные, звук отличный Недоліки: нет
5, Хорошие наушники,прожили у меня два года,а потом перестал работать правый наушник.Вот решил опять купить) Переваги: Звук,цена Недоліки: Нету
5, За такую цену очень неплохие наушники. Переваги: Звук, цена Недоліки: нет
3, Прожили наушники пол года. Пару недель назад звук в правом наушнике стал очень тихим (если увеличить громкость на макс,то немного слышно,но все равно неприятно),но так,наушники мне понравились,возможно закажу еще одну пару таких. Переваги: Хороший звук Хороший бас (для хардстайла,рока - отлично подходят) Недоліки: Потемнела белая резиночка на наушнике (но это естественно) Перестал работать правый наушник
5, купил 2 раз первая пара прожила больше 2 лет и то досихпор рабочая ток провод начал облазить решил заменить ))) Переваги: лучшие наушники
4, Купил на замену старым Sennheiser CX 275. На удивление звук у этих Philips достойный. Действительно хорошие низкие и высокие. Шумоизоляция средняя. Оригинальные резиновые накладки очень тяжело одеваются на наушник, т.к. резинки круглой формы, а сами вкладыши имеют эллипсовидную форму. Думаю, за эту цену на сегодняшний день лучше наушники не найти. Рекомендую. Переваги: Качество звука, цена. Недоліки: Шумоизоляция, хрупкие резиновые накладки
5, Пол года - полет нормальный. Переваги: Звук, цена, басы, цвет Недоліки: Отсутствуют
3, Звук достало хороший , на свою цену, берите и не думайте , я лично больше предпочитаю Sony Переваги: Цена, звук Недоліки: Кабель у штекера наверно скоро порвется
5, Вчора отримав. Був вражений якістю звуку за такі гроші. Навушникам ставлю, покищо, тверду пятірку! Переваги: Відмінна якість звуку, комплект додаткових накладок. Недоліки: Не помічено.
5, Все супер:3 Переваги: Звук хороший,не вылетают, уха не болят!Все супер:3 Недоліки: Нету:3
4, Отличные наушники. Хороший звук. Качество соответствует цене.
5, Очень доволен покупкой, ожидал даже меньше, чем получил. Низкие средние и высокие - очень четко чувствуются. Надеюсь протянут хотя бы 6 месяцев, за такую стоимость и такое качество,я готов эти наушники 2 раза в год менять:) Всем советую, кто сомневается - не сомневайтесь!;) Переваги: Отличное звучание
5, Довго роздумував які купувати чи дорогі чи прості і дешеві. Вирішив купити собі та другу виходячи з позитивних коментарів та зрозумів, що не прогадав. Залишився задоволеним. Користуюсь один тиждень Переваги: Гарний, чистий звук. Хороше звучання та хороша ціна. Вважаю, що ціна занижена, судячи зі звуку повинні коштувати більше Недоліки: не виявив поки
5, Очень хорошие наушники!)Советую всем) Переваги: Хороший звук Недоліки: Нету
5, Филпс рулт .звучане во!!! Выбирали по принцыпу неубиваемые. Переваги: Качесво , басы ,
4, В этом ценовом диапазоне лучших с подобными характеристиками просто не найти,а сравнивать с лучшими,которые дороже,не считаю нужным. Переваги: Хороший качественный звук за 6 долларов от именитого производителя Недоліки: Лично мне не хватает баса,но и цена не позволяет сделать 6-8 ГЦ,а на заявленные 12 наушники вполне отрабатывают.
4, Прожили 2 недели) Опасения по поводу провода - подтвердились. Хожу на работу пешком, уши подключены к телефону в тугих джинсах - из-за этого начал отходить провод возле самого разъема, и в последствии вовсе порвался. Для пользователей бережных - подойдет с лихвой, а для таких как я - пожалуй, надо брать одноразовые в переходах или напрямик с китая заказывать по 0,5-1 доллара)) Переваги: Удобные, есть комплект насадок, звук приемлемый Недоліки: провод таки хлипкий
5, Наушники просто бомба. Звук просто класс, не ожидал от них такого, лучше чем у соньки Z . Посмотрим сколько проживут....Провод на вид хлипковат, но в руках норм, не думаю, что порвется. Переваги: цена, качество Недоліки: нет вообще
5, Чудові навушники. Якість, глибина звуку, ні з якими за таку ціну не йдуть у порівняння. Зручно сидять у вухах. Шнур хороший, за півроку постійного використання ніяких проблем.
5, уже 4 рік ними користуюсь) міняю кожен рік Переваги: Баси дуже чьоткі Недоліки: біля штекера рвуться проводки
5, Отличные наушники!!! очень удобные и мягко сидят в ушах. Звук мягкий и хорошие басы. Доволен покупкой и ценой! Спасибо розетке. Переваги: Отличный звук Недоліки: провод грубоватый
5, Отличные наушники!!! очень удобные и мягко сидят в ушах. Звук мягкий и хорошие басы. Доволен покупкой и ценой! Спасибо розетке. Переваги: Отличный звук Недоліки: провод грубоватый
5, отличные наушники по приемлемой цене) Переваги: Цена, звучание Недоліки: не имеют
5, Пусть недочеты по корпусу не пугают, вы же их не под микроскопом рассматриваете, а в уши втыкаете, по-этому стоит взять их в замен стандартной гарнитуре к плееру или смарту.... очень удобные резинки, не выскальзывают, хороший басс, приятно слушать, брал не здесь, ожидал простенького басса и среднего качества звучания... но получил очень хорошие вакуумки за небольшую цену)) плнирую взять еще парочку... на перед) Переваги: Невысокая стоимость, качество звука, удобные вкладыши Недоліки: выглядит китайщиной, есть недочеты покорпусу...
5, За такую цену отличные наушники.Приемлемая АЧХ звучания учитывая что это бюджетка. Переваги: Качество звука Недоліки: Качество кабеля
3, Муж пользовался где-то год, потом они порвались. Жаловался что в метро все же плохо подавляют внешние шумы.
4, Наушники стоят своих денег. Взял сразу 3 пары для семьи. Одна пара стала борохлить через 2 недели после покупки. Остальные работают хорошо. Стильно выглядят, хорошо сидят в ушах. Переваги: Неплохой звук. Приятные на вид. Недоліки: Тонкий кабель.
5, На удивление для своей цены отлично звучат! Отличный бас, частоты-вообщем прекрасный звук( для своей цены)! Минус-только уж тонкий шнур!спасибо розетке за быструю доставку Переваги: Звук, бас, частоты Недоліки: тонкий провод
4, Пользуюсь месяца 3,звук хороший,и бас для такой цены вполне нормальный.Я доволен,претензий нет. Переваги: Хороший чистый звук.
5, Звук зовсім непоганий) За такі гроші супер!!!
5, Был просто поражен: за небольшие деньги отличный звук. Рекомендую! Переваги: Цена - качество Недоліки: Тоненькие провода
4, мне нравиться
5, Были у меня раньше зенхайзеры cx150. уже двое ломались и починке не подлежали. решил купить обычные наушники т.к такие зенхайзеры уже стоили дороговато. купил эти филипсы и просто был в шоке от звука. они в 50 раз лучше чем те зерхазеры и стоят дешевле! Они просто шикарные. всем советую Переваги: Отличный басс. Качественный звук, производитель,провод, сами наушники. Громкие, хороший, ровный, четкий звук. . удобные. красивые. легкие. цена доступная всем. Недоліки: Нет.
4, Взял раньше ещё. сразу уши вяли от извращенности звука( но поколдовав чуток с эквалайзером все стало очень даже ничо. вобщем вполне неплохо! оно стоит своих ленег. перед этим были sennheiser cx275s, которые по качеству были просто запредельные. если вы сильно меломан при бабле - sennheiser - самое оно! А эти как бютжетный вариант эти недорогие с неплохим звуком. если эквалайзер настраиваемый можно брать! Переваги: цена Недоліки: извращенные частоты
5, Когда я впервые послушал эти наушники, мне показалось мало басса. Но когда я вставил самые большие накладки, тогда звук стал лучше, басы появились. Переваги: Цена. за такие это в самый раз. Бассы. Звук через телефон отличный, а через МП3 ещё лучше. Недоліки: Тонкий провод.
5, Хорошие наушники за такую цену. Хотелося бы больше низких частот, но тогда нужно покупать что-то подороже. Недоліки: При беге вылетают с ушей.
5, Отличные наушники, рекомендую Переваги: Басс, шумоизоляция Недоліки: Нету
5, Отличные наушники! Прослужили больше 1,5 года, ни единой поломки, отличное звучание! Прослужили бы еще, да жаль только что их украли :(
5, Супер
5, Очень довольна. За эту цену отличное решение для тех, кто ни дня не может без музыки! Переваги: басы, достаточно чистое звучание, шумоизоляция полна Недоліки: нет
3, ) Переваги: Для своєї ціни звук нормальний. Недоліки: Коли витягнув з упаковки штекер одразу мав глюки.
5, Все хорошо!
4, . Переваги: звук хороший Недоліки: слабый штекер, через пол года сломался
5, касні. Переваги: Баси Недоліки: нема
5, Ну доволен. Как для выезда на дачу - лучшее ИМХО. Переваги: Складный звук за смешные деньги. Слушал разнообразный спектр музыкальных композиций (metallica, ozzy, 90s, jazz, acid jazz и всякое модное музло для эксперимента) и практически не к чему придраться, ну как для вкладышей. Недоліки: На вид хлипковаты. Форсу не хватает.
5, За свои деньги хорошие наушники Переваги: Хороший звук Недоліки: шнур короткий
5, За такую цену даже очень не плохие наушники.Чистый громкий звук. Переваги: Цена, качество Недоліки: не определил
5, купил не в Розетке до падения цены. когда заказывал цена была для меня высокой.. внешний вид цвет точно как на фото- это не зеленый, а скорее светло-салатовый,легкие, аккуратные, есть запасные 2 большой и малый диаметр, вставки на уши-- силикон- белые , провод с виду хлипкий, может и перекрутиться.. слышимость нормальная, слышны немного и высокие и низкие частоты -тональности музыки, речь четко передается ,никаких посторонних скрипов этот наушник спокойно увидели и работают--Нокиа -101, Нокиа- 6303I, Сигма -IP67, планшет Dell Venue 7 16GB, Переваги: адекватная цена, производитель мирового уровня Недоліки: не выявил
5, За такі гроші - чудові навушники. Звук чистий, баси норм Недоліки: Поки що не знайшла
5, За свою ціну та звук рекомендую. В комплекті йде три види подушок (можно підібрати потрібні). Взяв зелені так, як колір подобається. Переваги: Компактні
5, Слушаю с Sansa Clip+. музыка в формате Flac - всё отлично. Всем фанатам "тёплого лампового звука" идти мимо в сторону Sennheiser HD 800, смотреть на картинку и ..... Переваги: Достойный звук. Адекватная цена. Недоліки: Не обнаружил
4, Коштує своїх грошей
5, Нужно правильно подобрать вставки и всё оК . Переваги: За такие деньги - отличные "ухи" Недоліки: не обнаружил
5, просто бомба, звук прелестный, басс на хорошем уровне!!!! Переваги: отличнейший звук Недоліки: пока не заметил
4, неплохие по звучанию уши, но вот качество провода разочаровало, не думаю что долго прослужит
5, Дуже і дуже хороші наушники уже два роки для студента просто кращого не має за таку ціну)))! Переваги: Звучання будь якого трека відміне ) ціна просто супер) Недоліки: Бажано не скручувати при морозі! Особисто в мене переломовся дріт біля видода до телефону прийшлось міняти на новий!
5, Довольна Переваги: Яркие,удобные и качественные, за такую цену, то что надо Недоліки: нет
5, За такие деньги отличный выбор. Переваги: очень хороший звук. Недоліки: слабенькие проводки
5, Великолепные наушники. Брала красные себе и черные (на подарок), пользуюсь уже несколько месяцев - музыка в телефоне, на ноутбуке. Звук хороший. Звукоизоляция на высоте - внешние звуки не слышны (иногда это подводит :) ) Очень маленькие, аккуратные почти не заметные. Переваги: Хороший звук, удобные, аккуратные, малозаметные. 3 пары дополнительных насадок. Недоліки: пока не нашла
5, Свою цену полностью оправдывают Переваги: Очень удобно сидят в ухе, звук отличный. Недоліки: Пока не выявлено
4, всегда покупаю эти уши, т.к. не дорогие и звук меня устраивает Переваги: за эти деньги то что нужно Недоліки: лично у меня больше года наушники не задерживаются, и у этих так же как и у остальных одна проблема через определенный срок службы отходит контакт и 1 ухо перестает работать
4, Наушники звучат неплохо)) Переваги: Чистий звук,удобные,малозаметные. Недоліки: Качество материалов могло бы быть получше.
5, Купил эти наушники вчера. Звук отличный как за такую цену: низкие и высокие частоты звучат хорошо, средние немного проседают, но это не критично; басы есть, и очень неплохие. Шумоизоляция отличная, эргономика тоже (в ушах сидят неплохо). В целом - своих денег наушники стоят на все 100%. Переваги: Звучание, эргономика, размер, шумоизоляция, крепкие провода, соотношение "цена-качество". Недоліки: Некоторые элементы дизайна (субъективная оценка), белая модель довольно маркая, штекер прямой.
5, Хорошие наушники за свои деньги. Переваги: Отличное звучание. Пользуюсь с Sony Xperia Z1.
4, За данную цену вполне качественный товар. Переваги: Чистый звук, высокий уровень громкости. Недоліки: Маленький размер самого наушника, неудобно вставлять в уши.
4, Купил, попробовать. За такие деньги понравились Переваги: Легкие, комфортные, хорошее звучание Недоліки: Тихие. Чтобы услышать весь звук, приходится регулятор накручивать на максимум
5, Гарні наушники.. Переваги: Якісний звук,зручні у використанні) Недоліки: Поки що не помітив ..
4, Хорошие наушники. Звук отличный. Все, кто пишет "звук плохой" - пользуйтесь нормальными плеерами с эквалайзерами. Переваги: Хороший звук. Низкая цена. Недоліки: Жестковатые вкладыши. Хлипковатый провод. Если перетрется - сравним гарантию филлипса и гарантию Косс-а)
5, Очень порадовали эти наушники, за такую цену просто отличный звук.
5, лучшие в своей ценовой аудитории Переваги: хороший звук, удобно сидят в ушах Недоліки: не нашел
4, За эту смешную цену - вполне пристойные наушники. Переваги: Отличная звукоизоляция, набор разноразмерных резинок, хороший чистый звук, диапазона для эмпетрей хватает с головой. Недоліки: Провод, боюсь, долго не выживет - сам по себе слабенький, плюс соединеняется с плагом прямо, а не г-образно - скорее всего, здесь и будет первая поломка. Резинки могли бы быть помягче.
5, В целом довольный, советую Переваги: Удобные, можно удобно носить под шапкой , качественно звук , цена Недоліки: Проводок слабенький .
5, Хорошие наушники для таких денег, рекомендую! Переваги: Качество звука для таких денег просто отличное! Недоліки: Сначала немного болят уши. Тонкий провод.
5, Отличные наушники, взял на подарок, сам попробовал и взял еще себе такие на тренировку. И внешне симпатичные и аккуратные и звук достаточно качественный. Переваги: Цена, звук, внешний вид Недоліки: Пока не заметил
5, Дуже зручні і гарна якість звуку.Задоволений на всі 100%
5, Лучшие наушники в эту цену! Переваги: звучание и цена Недоліки: тонкий провод, но лучший за эту цену
4, Лучшие наушники до 100грн. Переваги: Хороший звук, удобные. Недоліки: Тонкий провод.
4, Покупал для прослушивания музыки как на смартфоне, так и на ПеКа. Что порадовало сразу, так это куча сменных насадок на эти наушники, на большое ухо, на маленькое ухо, в общем, гуд. После полугода использования шнур нигде не перетерся, что весьма хорошо. Звук весьма неплохой, не рябит, не шумит, не хрипит. Единственная возникнувшая проблема - резиновые вставки, "соединяющие" наушник и шнур взяли и поотваливались, в результате чего пришлось прибегать к помощи волшебного супер-клея. Все же остальное хорошо, что качество, что цена. Переваги: Приемлемая цена, хороший звук, прочный провод, который мне так и не удалось перетереть. Недоліки: Плохо присоединены резиновые накладки между шнуром и самим наушником, в следствии чего, за 2 месяца вполне может отвалиться, зараза такая.
3, Качество звучания наушников хорошие. Но! Хочу предостеречь тех, кто активно собирается их использовать. Провода очень тонкие. Как известно, самая распространенная проблема это перегиб провода возле штекера. Перед этим у меня два или три года подряд были Panasonic, их хватало ровно на год, и это, я считаю, нормальный срок службы для активного использования наушников. После этого провод перетирался возле штекера и один из наушников переставал работать. Этих хватило ровно на два месяца. И это при том, что я специально основание возле штекера обмотал изолентой для болей прочности. И рекомендации по поводу прямого или Г-образного штекера не играют роли особой. Играет роль прочность проводов и самого штекера. Переваги: Хорошее звучание, недорогая цена Недоліки: Тонкие провода, маленькое и непрочное основание штекера.
2, На самом деле отвратительные их цена МAX = 25грн. Переваги: Немае Недоліки: Плохой звук + шнурок постоянно скручиваетса
3, Наушники слабые, повелся я на отзывы. Сравнивал их с сони вэлкман куплинные за 50 грн на радиобазаре, просто небо и земля. Делаешь громкость по больше они начинают пищать, басы не передают, звучание на 3,5/5 стерпеть можно. Но при этом это самые удобные наушники которые попадались. Реально не выпадают,хорошо держатся, можно поворачивать нагинать голову и они всё равно держатся, при беге тоже норм. Это подкупает. Вам выбирать в общем, но мне кажется что как для звучания цена завышена. После двух месяцев у меня перестал работать один наушник Переваги: Удобно держатся в ушах, дизайн Недоліки: Тихие, пищат, нет басов
4, Товар в принципі на 4 за даний ціновий діапазон. Враховуючи мінус, не радив би до використання людям, що слухають музику не на максимальній гучності. Переваги: Звук для як для любителя чистий, що ізолює вас від посторонніх шумів в метро. Недоліки: Шуми від шнура дуже гучно передаються на наушники. Тобто, коли ви слухаєте музику та шнур торкається будь-чого, ви відчуєте посторонній шум. Підозрюю, що причина в цьому - жорсткий матеріал кабелю.
5, все супер, досить приемний звук, провідки нормальні. якшо поводитись акуратно - на рік вистачить
4, Лучший вариант за эти деньги. Переваги: Очень неплохое звучание. Недоліки: Качество сборки и сама конструкция.
5, Очень хорошие наушники и за такую цену, просто отличные. Не выпадают,звукоизоляция,басы отлично слышно и четко. Наушники очень понравились, советую :-) Переваги: Красивые, сильный и четкий звук, удобные, не выпадают, маленькая цена, насадки =) Недоліки: Не обнаружил :-)
5, Перечитав кучу отзывов начала сомневаться что за небольшие деньги можно купить недорогие наушники)) а зря. Покупала для прослушивания на смартфоне, ни на секунду не разочаровалась, чистый громкий звук, нету хрипов при максимальной громкости. Единственный минус для меня, что при ходьбе, когда тихо играет музыка, трение правого проводка об одежду немного отдает в правый наушник, но это очень незначительный минус, скорее придирка моя)) Вообщем даже не сомневайтесь, если нужны недорогие уши с хорошим звуком, вам сюда Переваги: цена, удобство, звук Недоліки: не обнаружено
5, Покупайте. Переваги: Хорошие, один раз послушал и в тот же день потерял вместе с плеером. невезучие что ли )
5, Получил сегодня эти наушники,и когда подключил их к плееру был мягко говоря разочарован.Потом Снял их и оставил играть где то на пол часа ,а когда одел их опять ,был в шоке от такого звучания за эти деньги.Покупкой доволен!!!))) Переваги: За такие деньги -=-звук супер . Для не избалованного пользователя то что надо. Недоліки: необнаружено
5, Наушники-бомба, звук чистый, громкий, все советую)
5, наушники хорошие Переваги: отличный звук Недоліки: не нашла
4, наушники хорошие. если честно, даже не ожидал такого качества звука. за такие деньги, наверное, лучше не найдёшь. Переваги: отличное звучание, удобные, хорошее соотношение цены и качества
4, Я покупал их для бега и могу заметить, они классные! Да SHE7000/10 может лучше,но там блистяшки по бокам, не люблю - купил эти. Слушал разные в магазине,спасибо продавцу. Были и по звуку вроде лучше, но выпадали с ушей, а когда тренируешься это очень раздражает. Переваги: Не выпадают с ушей, удобные :). Достаточно хороший звук вч и попроще нч - они мягковаты, но мне нравятся. Цена-качество! Я удивлен за эту цену до 100грн. очень хорошие уши! Недоліки: Пока новые их нет! Посмотрю зимой как провод будет жить...
5, Отличный звук! Насыщенный,четкий. Басы в меру "бумкают"! Переваги: Цена+качество Недоліки: Нет
5, Брал под нетбук. Звук хороший. В ушах сидят хорошо. Есть несколько дополнительных амбуш разного размера Переваги: Хороши звук. удобные Недоліки: пока не выявлено
5, Отличные наушники, чистый громкий звук + неплохие, мягкие низкие чистоты (басы), в ушах сидят плотно, не выпадают, после долгого прослушивания уши и голова не болит как от некоторых других моделей, вот только упаковка не понравилась, уж больно долго пришлось её распаковывать, вернее разрезать ножом, чтобы было слышно мощные басы нужно получше вставить в уши наушники, покупкой полностью доволен. Провод немного не понравился, и обязательно нужен эквалайзер, без него будет совсем не то, но это все мелочи. Фильмы смотреть, музыку слушать и в игры играть одно удовольствие. Вообщем ставлю твердую пятерку, за такую цену очень хорошая модель наушников. Переваги: Звучание, хорошие басы, не рипят на большой громкости. Недоліки: Провод немного странный и упаковка не понравилась.
4, хорошые,звук радует,только через месяц левый динамик сел,но это по моей вине) Переваги: бас,звук,частоты Недоліки: не было)
5, Брал для планшета, в основном для просмотра фильмов - устроили полностью. Звук хороший, в ушах сидят отлично.
5, Самый лучшие бюджетные вакуумные наушники. За такую цену лучше не найти. Переваги: Очень хороший звук, качественные басы. Есть 3 размера вакуума. Недоліки: Не заметил.
3, Для прослушивания музыки не рекомендую, т.к. низы отсутствуют напрочь. Переваги: Достоинства.... производитель) Недоліки: исключительно высокочастотники
5, Наушники, просто супер. Долго выбирал, эти подошли для Acer v370 идеально. Все частоты на высоком уровне, советую ! Переваги: Цена-качество идеальное ! Недоліки: Нет
5, Не нарадуюсь. :) Переваги: Дёшево, достаточно качественный звук. Недоліки: Не обнаружил.
5, Наушники радуют уши. За такую цену это отличные наушники! Сравнивал с наушниками за 170 грн то звук был идентичным. Переваги: Удобно сидят в ушной раковине, средние басы, очень громкие, классный звук Недоліки: вообщем все устраивает, минусов БОЛЬШИХ нет. Покупайте смело!
4, Красивые, яркие, молодежные наушники с достойным звучанием Переваги: Маленькие и яркие Недоліки: Качество провода
5, сегодня купила. довольна!выглядят очень стильно,а звучание потрясное!советую! еще и чехол в подарок!(подошел к телефону))
5, Отличные наушники за такую цену, хороший бас и качество звучания. Провод тонкий, на морозе не задубеет.
5, Отличные наушники для своей ценовой категории, чистый довольно таки звук
4, Хорошие наушники за эти деньги. Звук качественный. Жалоб пока нет.
5, Очень рекомендую для любителей вакуумных наушников. Переваги: Отличный звук, прекрасно держатся в ушах, отличная звукоизоляция. Очень большой диапазон частот, которые реально чувствуються)) Недоліки: Нема
4, Слухав ними Crusher-Endless Torment Переваги: Голосний і чіткий звук, надійні Недоліки: Загубив
5, удобные, не выпадают Переваги: звук отличный Недоліки: минусов нет
5, Отличные наушники. Шумоизоляция неплохая. Звук и басы радуют. Переваги: Соотношение цена/качество. Недоліки: Пока не обнаружено.
5, Покупкой остался доволен. Переваги: Достаточно неплохое звучание, не оставит равнодушным меломана. А так, в большинстве случаев все правится эквалайзером. Форма наушника миниатюрна, поэтому дискомфорта не вызывает. Недоліки: Нет прищепочки.
5, Отличные наушники, по цене и качеству, звук приличный для них, уши не выпадают... Переваги: цена качество Недоліки: нет
3, Сегодня купил их. Читал много отзывов о них, что хороший бас, шумоизоляция в метро, по этому и выбрал . До этого у меня были kоss Pathfinder . Намного лучше звук и бас , просто удовольствие :)) только часто выпадали уши, они очень большие, и провод слабенький, быстро перегнулся :( поэтому и срочно взял новые , сегодня . Переваги: 1.маленькие, удобные и амбюшуры сидят хорошо 2. Вроде шнур хорош. 3. Не болят уши , как например после моих кос. Недоліки: 1.звук не радует !! 2. Плохой бас , плюс он еще не проработаный 3. Чтобы не говорили, как на других сайтах, шумоизоляция плохая. Слышно все машины и в место тоже слышно. Но хоть людей не слышно )
5, Наушники хорошие!!!!! Недоліки: Нет!!!!!
